Opponent/Game	Category	Start	Click	End	XY	Attacking Player	Shot Origin	Shot Outcome	Shot Location	Defending Player	Descriptor
UKR	@@@P1	00:00	00:00	00:00	Worlds Preliminary 2026						
UKR	Shot Opponent	00:09	00:14	00:25	Worlds Preliminary 2026	Player 8	5	Canada Ball Control Save	4	Emma	
UKR	Shot Canada	00:21	00:26	00:35	Worlds Preliminary 2026	Emma	5	Opponent Save	2	Player 4	
UKR	Shot Opponent	00:32	00:37	00:52	Worlds Preliminary 2026	Player 3	3	Canada Save	2	Amy	
UKR	Shot Canada	00:48	00:53	01:00	Worlds Preliminary 2026	Amy	1	Opponent Save	4.5	Player 8	
UKR	Shot Opponent	00:56	01:01	01:08	Worlds Preliminary 2026	Player 8	5	Canada Ball Control Save	2	Meghan	
UKR	Shot Canada	01:04	01:09	01:19	Worlds Preliminary 2026	Emma	4	Opponent Save	1	Player 3	
UKR	Shot Opponent	01:14	01:19	01:27	Worlds Preliminary 2026	Player 3	2	Canada Ball Control Save	1	Amy	
UKR	Shot Canada	01:23	01:28	01:46	Worlds Preliminary 2026	Amy	1	Opponent Save	4	Player 8	
UKR	Shot Opponent	01:42	01:47	01:58	Worlds Preliminary 2026	Player 8	4	Canada Ball Control Save	1.5	Amy	
UKR	Shot Canada	01:53	01:58	02:07	Worlds Preliminary 2026	Emma	5	Opponent Save	2	Player 3	
UKR	Shot Opponent	02:03	02:08	02:16	Worlds Preliminary 2026	Player 3	3	Canada Save	2.5	Meghan	
UKR	Shot Canada	02:12	02:17	02:29	Worlds Preliminary 2026	Amy	2	Opponent Save	2.5	Player 4	
UKR	Shot Opponent	02:25	02:30	02:35	Worlds Preliminary 2026	Player 3	2	Canada Ball Control Save	3	Meghan	
UKR	Shot Canada	02:31	02:36	02:44	Worlds Preliminary 2026	Meghan	3	Opponent Save	5	Player 8	
UKR	Shot Opponent	02:40	02:45	03:03	Worlds Preliminary 2026	Player 8	5	Canada Ball Control Save	3.5	Meghan	
UKR	Shot Canada	02:59	03:04	03:12	Worlds Preliminary 2026	Emma	4	Opponent Save	1	Player 3	
UKR	Shot Opponent	03:07	03:12	03:25	Worlds Preliminary 2026	Player 3	1	Canada Ball Control Save	3	Meghan	
UKR	Shot Canada	03:20	03:25	03:35	Worlds Preliminary 2026	Amy	1	High Ball			
UKR	Penalty Shot Opponent	03:43	03:48	04:18	Worlds Preliminary 2026	Player 3	3	Goal Opponent	2	Amy	
UKR	Shot Canada	04:20	04:25	04:35	Worlds Preliminary 2026	Emma	2	Opponent Save	3	Player 4	
UKR	Shot Opponent	04:30	04:35	04:42	Worlds Preliminary 2026	Player 8	4	Canada Ball Control Save	1.5	Amy	
UKR	Shot Canada	04:37	04:42	04:49	Worlds Preliminary 2026	Amy	1	Opponent Save	3.5	Player 4	
UKR	Shot Opponent	04:45	04:50	04:58	Worlds Preliminary 2026	Player 3	3	Canada Ball Control Save	1	Amy	
UKR	Shot Canada	04:53	04:58	05:06	Worlds Preliminary 2026	Emma	2	Opponent Save	3	Player 4	
UKR	Shot Opponent	05:01	05:06	05:15	Worlds Preliminary 2026	Player 8	5	Canada Ball Control Save	2	Meghan	
UKR	Shot Canada	05:10	05:15	05:23	Worlds Preliminary 2026	Meghan	3	Opponent Save	4	Player 4	
UKR	Shot Opponent	05:19	05:24	05:32	Worlds Preliminary 2026	Player 8	4	Canada Ball Control Save	2	Amy	
UKR	Shot Canada	05:28	05:33	05:38	Worlds Preliminary 2026	Amy	4	Opponent Save	2	Player 3	
UKR	Shot Opponent	05:34	05:39	05:48	Worlds Preliminary 2026	Player 3	3	Canada Save	1.5	Amy	
UKR	Shot Canada	05:43	05:48	05:55	Worlds Preliminary 2026	Emma	1	Opponent Save	3	Player 4	
UKR	Shot Opponent	05:50	05:55	06:04	Worlds Preliminary 2026	Player 8	4	Opponent Out	0		
UKR	Shot Canada	06:00	06:05	06:20	Worlds Preliminary 2026	Amy	1	Canada Out	6		
UKR	Shot Opponent	06:16	06:21	06:35	Worlds Preliminary 2026	Player 8	5	Canada Ball Control Save	4.5	Emma	
UKR	Shot Canada	06:31	06:36	06:44	Worlds Preliminary 2026	Emma	5	Canada Out	0		
UKR	Shot Opponent	06:39	06:44	07:02	Worlds Preliminary 2026	Player 3	1	Canada Ball Control Save	3	Meghan	
UKR	Shot Canada	06:58	07:03	07:13	Worlds Preliminary 2026	Meghan	3	Opponent Save	1.5	Player 3	
UKR	Shot Opponent	07:09	07:14	07:19	Worlds Preliminary 2026	Player 3	2	Canada Ball Control Save	4.5	Emma	
UKR	Shot Canada	07:14	07:19	07:27	Worlds Preliminary 2026	Emma	5	Opponent Save	1	Player 3	
UKR	Shot Opponent	07:22	07:27	07:36	Worlds Preliminary 2026	Player 3	2	Canada Save	1.5	Amy	
UKR	Shot Canada	07:32	07:37	07:42	Worlds Preliminary 2026	Amy	1	Canada Out	6		
UKR	Shot Opponent	07:42	07:47	07:56	Worlds Preliminary 2026	Player 8	5	Canada Ball Control Save	2	Meghan	
UKR	Shot Canada	07:51	07:56	08:04	Worlds Preliminary 2026	Amy	1	Opponent Save	5	Player 8	
UKR	Shot Opponent	08:02	08:07	08:12	Worlds Preliminary 2026	Player 8	5	Canada Ball Control Save	1	Amy	
UKR	Shot Canada	08:07	08:12	08:21	Worlds Preliminary 2026	Amy	1	Opponent Save	3	Player 4	
UKR	Shot Opponent	08:17	08:22	08:30	Worlds Preliminary 2026	Player 3	2	Canada Ball Control Save	1.5	Amy	
UKR	Shot Canada	08:25	08:30	08:39	Worlds Preliminary 2026	Emma	5	Opponent Save	2	Player 3	
UKR	Shot Opponent	08:35	08:40	08:46	Worlds Preliminary 2026	Player 3	2	Canada Ball Control Save	2	Meghan	
UKR	Shot Canada	08:42	08:47	08:56	Worlds Preliminary 2026	Meghan	3	Opponent Save	3.5	Player 4	
UKR	Shot Opponent	08:52	08:57	09:05	Worlds Preliminary 2026	Player 8	4	Canada Ball Control Save	2.5	Meghan	
UKR	Shot Canada	09:00	09:05	09:14	Worlds Preliminary 2026	Amy	1	Opponent Save	4.5	Player 8	
UKR	Shot Opponent	09:10	09:15	09:24	Worlds Preliminary 2026	Player 8	4	Canada Ball Control Save	1.5	Amy	
UKR	Shot Canada	09:20	09:25	09:30	Worlds Preliminary 2026	Amy	1	Opponent Save	2.5	Player 4	
UKR	Shot Opponent	09:24	09:29	09:45	Worlds Preliminary 2026	Player 3	1	Canada Ball Control Save	3	Meghan	
UKR	Shot Canada	09:40	09:45	09:55	Worlds Preliminary 2026	Emma	5	Opponent Save	1	Player 3	
UKR	Shot Opponent	09:51	09:56	10:09	Worlds Preliminary 2026	Player 3	3	Canada Ball Control Save	2.5	Meghan	
UKR	Shot Canada	10:04	10:09	10:19	Worlds Preliminary 2026	Amy	1	Opponent Save	4	Player 4	
UKR	Shot Opponent	10:14	10:19	10:25	Worlds Preliminary 2026	Player 8	5	Canada Ball Control Save	3	Meghan	
UKR	Shot Canada	10:21	10:26	10:41	Worlds Preliminary 2026	Emma	5	Goal Canada	1	Player 3	
UKR	Shot Opponent	10:38	10:43	10:54	Worlds Preliminary 2026	Player 3	1	Canada Ball Control Save	5	Emma	
UKR	Shot Canada	10:49	10:54	11:05	Worlds Preliminary 2026	Emma	5	Opponent Save	1.5	Player 3	
UKR	Shot Opponent	11:00	11:05	11:11	Worlds Preliminary 2026	Player 8	5	Canada Ball Control Save	1	Amy	
UKR	Shot Canada	11:06	11:11	11:16	Worlds Preliminary 2026	Amy	5	Opponent Save	1	Player 3	
UKR	Shot Opponent	11:12	11:17	11:30	Worlds Preliminary 2026	Player 3	3	Canada Ball Control Save	1	Amy	
UKR	Shot Canada	11:26	11:31	11:40	Worlds Preliminary 2026	Emma	5	Opponent Save	1	Player 3	
UKR	Shot Opponent	11:36	11:41	11:58	Worlds Preliminary 2026	Player 8	4	Canada Ball Control Save	1	Amy	
UKR	Shot Canada	11:53	11:58	12:14	Worlds Preliminary 2026	Amy	5	Opponent Save	2	Player 3	
UKR	Shot Opponent	12:10	12:15	12:20	Worlds Preliminary 2026	Player 3	2	Canada Ball Control Save	1.5	Amy	
UKR	Shot Canada	12:16	12:21	12:30	Worlds Preliminary 2026	Emma	2	Opponent Save	3.5	Player 4	
UKR	Shot Opponent	12:25	12:30	12:41	Worlds Preliminary 2026	Player 8	4	Canada Save	1	Amy	
UKR	Shot Canada	12:36	12:41	12:47	Worlds Preliminary 2026	Amy	1	Opponent Save	5	Player 8	
UKR	Shot Opponent	12:43	12:48	12:54	Worlds Preliminary 2026	Player 8	5	Canada Ball Control Save	2.5	Meghan	
UKR	Shot Canada	12:50	12:55	13:04	Worlds Preliminary 2026	Meghan	3	Opponent Save	3.5	Player 4	
UKR	Shot Opponent	12:59	13:04	13:12	Worlds Preliminary 2026	Player 3	3	Canada Ball Control Save	3.5	Meghan	
UKR	Shot Canada	13:07	13:12	13:18	Worlds Preliminary 2026	Emma	5	Canada Out	0		
UKR	Shot Opponent	13:22	13:27	13:37	Worlds Preliminary 2026	Player 3	1	Canada Ball Control Save	1	Amy	
UKR	Shot Canada	13:32	13:37	13:53	Worlds Preliminary 2026	Amy	2	Opponent Save	4	Player 8	
UKR	Shot Opponent	13:49	13:54	14:00	Worlds Preliminary 2026	Player 8	5	Opponent Out	0		
UKR	Shot Canada	13:55	14:00	14:34	Worlds Preliminary 2026	Emma	4	Opponent Save	1	Player 3	
UKR	Shot Opponent	14:33	14:38	14:50	Worlds Preliminary 2026	Player 3	3	Canada Ball Control Save	1.5	Amy	
UKR	Shot Canada	14:45	14:50	14:58	Worlds Preliminary 2026	Amy	4	Opponent Save	1	Player 3	
UKR	Shot Opponent	14:54	14:59	15:17	Worlds Preliminary 2026	Player 8	2	Canada Ball Control Save	4	Meghan	
UKR	Shot Canada	15:13	15:18	15:24	Worlds Preliminary 2026	Emma	5	Opponent Save	1	Player 3	
UKR	Shot Opponent	15:20	15:25	15:30	Worlds Preliminary 2026	Player 3	1	Canada Ball Control Save	3.5	Meghan	
UKR	Shot Canada	16:12	16:17	16:27	Worlds Preliminary 2026	Emma	4	Opponent Save	1	Player 3	
UKR	Shot Opponent	16:23	16:28	16:46	Worlds Preliminary 2026	Player 3	2	Canada Ball Control Save	1.5	Amy	
UKR	Shot Canada	16:41	16:46	17:05	Worlds Preliminary 2026	Emma	5	Opponent Save	2	Player 4	Ball Over
UKR	Shot Canada	17:01	17:06	17:20	Worlds Preliminary 2026	Emma	4	Opponent Save	3.5	Player 4	
UKR	Shot Opponent	17:16	17:21	17:28	Worlds Preliminary 2026	Player 8	5	Canada Ball Control Save	1	Amy	
UKR	Shot Canada	17:24	17:29	17:36	Worlds Preliminary 2026	Emma	4	Canada Out	6		
UKR	Shot Opponent	17:34	17:39	17:58	Worlds Preliminary 2026	Player 8	5	Canada Ball Control Save	5	Emma	
UKR	T-END	18:00	18:00	18:00	Worlds Preliminary 2026						
UKR	@@@P2	00:12	00:12	00:12	Worlds Preliminary 2026						
UKR	T-START	23:49	23:49	23:49	Worlds Preliminary 2026						
UKR	Shot Canada	23:47	23:52	24:06	Worlds Preliminary 2026	Amy	4	Opponent Save	2	Player 4	
UKR	Shot Opponent	24:01	24:06	24:19	Worlds Preliminary 2026	Player 3	3	Canada Save	2	Meghan	
UKR	Shot Canada	24:15	24:20	24:28	Worlds Preliminary 2026	Amy	2	Opponent Save	4	Player 8	
UKR	Shot Opponent	24:24	24:29	24:37	Worlds Preliminary 2026	Player 3	2	Canada Save	1.5	Amy	
UKR	Shot Canada	24:32	24:37	24:53	Worlds Preliminary 2026	Emma	2	Opponent Save	Player 3	2	
UKR	Shot Opponent	24:48	24:53	25:03	Worlds Preliminary 2026	Player 3	2	Canada Ball Control Save	1.5	Amy	
UKR	Shot Canada	24:59	25:04	25:14	Worlds Preliminary 2026	Amy	1	Opponent Save	3.5	Player 4	
UKR	Shot Opponent	25:10	25:15	25:24	Worlds Preliminary 2026	Player 8	5	Canada Ball Control Save	2.5	Meghan	
UKR	Shot Canada	25:20	25:25	25:37	Worlds Preliminary 2026	Meghan	3	Opponent Save	4	Player 8	
UKR	Shot Opponent	25:32	25:37	25:43	Worlds Preliminary 2026	Player 3	1	Canada Ball Control Save	1.5	Amy	
UKR	Shot Canada	25:39	25:44	25:52	Worlds Preliminary 2026	Emma	5	Opponent Save	3	Player 4	
UKR	Shot Opponent	25:48	25:53	26:02	Worlds Preliminary 2026	Player 8	5	Canada Save	1.5	Amy	
UKR	Shot Canada	25:59	26:04	26:18	Worlds Preliminary 2026	Amy	1	Opponent Save	3	Player 4	
UKR	Shot Opponent	26:14	26:19	26:25	Worlds Preliminary 2026	Player 8	5	Canada Ball Control Save	1.5	Amy	
UKR	Shot Canada	26:20	26:25	26:34	Worlds Preliminary 2026	Emma	2	Opponent Save	4.5	Player 8	
UKR	Shot Opponent	26:30	26:35	26:40	Worlds Preliminary 2026	Player 3	2	Canada Ball Control Save	3	Meghan	
UKR	Shot Canada	26:36	26:41	26:51	Worlds Preliminary 2026	Meghan	1	Opponent Save	4	Player 8	
UKR	Shot Opponent	26:46	26:51	26:59	Worlds Preliminary 2026	Player 8	4	Opponent Out	0		
UKR	Shot Canada	26:55	27:00	27:14	Worlds Preliminary 2026	Emma	1	Opponent Save	4	Player 8	
UKR	Shot Opponent	27:09	27:14	27:20	Worlds Preliminary 2026	Player 8	5	Canada Ball Control Save	1.5	Amy	
UKR	Shot Canada	27:15	27:20	27:28	Worlds Preliminary 2026	Amy	4	Opponent Save	2.5	Player 4	
UKR	Shot Opponent	27:24	27:29	27:40	Worlds Preliminary 2026	Player 3	2	Canada Ball Control Save	1	Amy	
UKR	Shot Canada	27:35	27:40	28:00	Worlds Preliminary 2026	Emma	2	Goal Canada	4	Player 4	
UKR	Shot Opponent	28:41	28:46	28:54	Worlds Preliminary 2026	Player 8	5	Canada Ball Control Save	2	Meghan	
UKR	Shot Canada	28:49	28:54	29:00	Worlds Preliminary 2026	Emma	4	Opponent Save	3	Player 4	
UKR	Shot Opponent	28:56	29:01	29:10	Worlds Preliminary 2026	Player 3	1	Canada Ball Control Save	4	Emma	
UKR	Shot Canada	29:05	29:10	29:20	Worlds Preliminary 2026	Amy	2	Opponent Save	3.5	Player 4	
UKR	Shot Opponent	29:15	29:20	29:26	Worlds Preliminary 2026	Player 3	1	Canada Ball Control Save	2.5	Meghan	
UKR	Shot Canada	29:21	29:26	29:35	Worlds Preliminary 2026	Meghan	3	Opponent Save	5	Player 8	
UKR	Shot Opponent	29:30	29:35	29:40	Worlds Preliminary 2026	Player 8	4	Canada Ball Control Save	3.5	Meghan	
UKR	Shot Canada	29:36	29:41	29:50	Worlds Preliminary 2026	Emma	2	Opponent Save	3	Player 4	
UKR	Shot Opponent	29:45	29:50	29:59	Worlds Preliminary 2026	Player 3	2	Canada Ball Control Save	3.5	Meghan	
UKR	Shot Canada	29:55	30:00	30:05	Worlds Preliminary 2026	Emma	4	Opponent Save	3	Player 4	
UKR	Shot Opponent	30:04	30:09	30:17	Worlds Preliminary 2026	Player 8	5	Canada Ball Control Save	3	Meghan	
UKR	Shot Canada	30:13	30:18	30:26	Worlds Preliminary 2026	Amy	4	Opponent Save	1.5	Player 3	
UKR	Shot Opponent	30:21	30:26	30:33	Worlds Preliminary 2026	Player 3	2	Canada Ball Control Save	3	Meghan	
UKR	Shot Canada	30:28	30:33	30:42	Worlds Preliminary 2026	Emma	4	Opponent Save	3	Player 4	
UKR	Shot Opponent	30:38	30:43	30:50	Worlds Preliminary 2026	Player 8	5	Canada Ball Control Save	2.5	Meghan	
UKR	Shot Canada	30:45	30:50	31:01	Worlds Preliminary 2026	Meghan	1	Canada Out	6		
UKR	Shot Opponent	30:59	31:04	31:11	Worlds Preliminary 2026	Player 8	5	Opponent Out	0		
UKR	Shot Canada	31:12	31:17	31:27	Worlds Preliminary 2026	Amy	1	Opponent Save	3	Player 4	Ball Over
UKR	Shot Canada	31:24	31:29	31:47	Worlds Preliminary 2026	Emma	4	Opponent Save	1.5	Player 3	
UKR	Shot Opponent	31:42	31:47	32:00	Worlds Preliminary 2026	Player 3	1	Canada Ball Control Save	3.5	Meghan	
UKR	Shot Canada	31:56	32:01	32:09	Worlds Preliminary 2026	Amy	3	Opponent Save	4	Player 4	
UKR	Shot Opponent	32:04	32:09	32:16	Worlds Preliminary 2026	Player 8	5	Canada Save	1.5	Amy	
UKR	Shot Canada	32:12	32:17	32:40	Worlds Preliminary 2026	Emma	2	Goal Canada	2.5	Player 4	
UKR	Shot Opponent	32:37	32:42	32:53	Worlds Preliminary 2026	Player 3	3	Canada Ball Control Save	2	Meghan	
UKR	Shot Canada	32:48	32:53	33:04	Worlds Preliminary 2026	Amy	1	Opponent Save	4	Player 8	
UKR	Shot Opponent	33:00	33:05	33:10	Worlds Preliminary 2026	Player 8	4	Canada Ball Control Save	1.5	Amy	
UKR	Shot Canada	33:05	33:10	33:17	Worlds Preliminary 2026	Amy	1	Opponent Save	4	Player 4	
UKR	Shot Opponent	33:14	33:19	33:27	Worlds Preliminary 2026	Player 8	5	Canada Ball Control Save	2.5	Meghan	
UKR	Shot Canada	33:22	33:27	33:34	Worlds Preliminary 2026	Emma	4	Opponent Save	2.5	Player 4	
UKR	Shot Opponent	33:30	33:35	33:49	Worlds Preliminary 2026	Player 3	1	Canada Ball Control Save	2	Amy	
UKR	Shot Canada	33:45	33:50	34:00	Worlds Preliminary 2026	Amy	3	Canada Out	0		
UKR	Shot Opponent	33:55	34:00	34:11	Worlds Preliminary 2026	Player 3	1	Canada Save	4	Emma	
UKR	Shot Canada	34:07	34:12	34:17	Worlds Preliminary 2026	Emma	5	Canada Out			
UKR	Shot Opponent	34:17	34:22	34:32	Worlds Preliminary 2026	Player 3	1	Canada Save	4	Emma	
UKR	Shot Canada	34:28	34:33	34:43	Worlds Preliminary 2026	Emma	4	Opponent Save	2	Player 3	
UKR	Shot Opponent	34:39	34:44	34:51	Worlds Preliminary 2026	Player 8	3	Canada Ball Control Save	3.5	Meghan	
UKR	Shot Canada	34:46	34:51	34:59	Worlds Preliminary 2026	Meghan	3	Opponent Save	1.5	Player 3	
UKR	Shot Opponent	34:54	34:59	35:18	Worlds Preliminary 2026	Player 3	2	Goal Opponent	2		
UKR	Shot Canada	35:17	35:22	35:31	Worlds Preliminary 2026	Amy	2	Opponent Save	1.5	Player 3	
UKR	Shot Opponent	35:28	35:33	35:38	Worlds Preliminary 2026	Player 3	2	Canada Ball Control Save	1	Amy	
UKR	Shot Canada	35:31	35:36	35:43	Worlds Preliminary 2026	Amy	1	Opponent Save	1.5	Player 4	
UKR	Shot Opponent	36:34	36:39	36:47	Worlds Preliminary 2026	Player 8	5	Canada Ball Control Save	1	Amy	
UKR	Shot Canada	36:44	36:49	36:54	Worlds Preliminary 2026	Amy	1	Opponent Save	3	Player 4	
UKR	Shot Opponent	36:50	36:55	37:03	Worlds Preliminary 2026	Player 8	4	Canada Ball Control Save	1.5	Amy	
UKR	Shot Canada	36:59	37:04	37:12	Worlds Preliminary 2026	Meghan	3	Opponent Save	4.5	Player 8	
UKR	Shot Opponent	37:07	37:12	37:22	Worlds Preliminary 2026	Player 8	5	Canada Ball Control Save	1	Amy	
UKR	Shot Canada	37:17	37:22	37:38	Worlds Preliminary 2026	Emma	5	Canada Out	0		
UKR	Shot Opponent	37:36	37:41	37:54	Worlds Preliminary 2026	Player 3	2	Canada Ball Control Save	3.5	Meghan	
UKR	Shot Canada	37:50	37:55	38:00	Worlds Preliminary 2026	Emma	4	Opponent Save	1	Player 3	
UKR	Shot Opponent	37:56	38:01	38:18	Worlds Preliminary 2026	Player 3	1	Canada Ball Control Save	4.5	Emma	
UKR	Shot Canada	38:14	38:19	38:25	Worlds Preliminary 2026	Emma	5	Opponent Save	1	Player 3	
UKR	Shot Opponent	38:21	38:26	38:39	Worlds Preliminary 2026	Player 8	4	Canada Ball Control Save	1.5	Amy	
UKR	Shot Canada	38:35	38:40	38:50	Worlds Preliminary 2026	Amy	1	Opponent Save	2	Player 3	
UKR	Shot Opponent	39:41	39:46	39:51	Worlds Preliminary 2026	Player 8	5	Canada Ball Control Save	1.5	Amy	
UKR	Shot Canada	39:46	39:51	39:57	Worlds Preliminary 2026	Amy	1	Opponent Save	2	Player 3	
UKR	Shot Opponent	39:53	39:58	40:05	Worlds Preliminary 2026	Player 3	2	Canada Ball Control Save	3.5	Meghan	
UKR	Shot Canada	40:01	40:06	40:14	Worlds Preliminary 2026	Emma	5	Canada Out	0		
UKR	Shot Opponent	40:26	40:31	40:36	Worlds Preliminary 2026	Player 3	3	Canada Ball Control Save	2.5	Meghan	
UKR	Shot Canada	40:31	40:36	40:47	Worlds Preliminary 2026	Amy	2	Opponent Save	1.5	Player 3	
UKR	Shot Opponent	40:49	40:54	41:00	Worlds Preliminary 2026	Player 3	2	Canada Ball Control Save	5	Emma	
UKR	Shot Canada	40:55	41:00	41:07	Worlds Preliminary 2026	Emma	4	Opponent Save	5	Player 8	
UKR	Shot Opponent	41:02	41:07	41:16	Worlds Preliminary 2026	Player 8	5	Canada Ball Control Save	3.5	Meghan	
UKR	Shot Canada	41:12	41:17	41:24	Worlds Preliminary 2026	Meghan	3	Opponent Save	4.5	Player 8	
UKR	Shot Opponent	42:08	42:13	42:19	Worlds Preliminary 2026	Player 8	5	Canada Ball Control Save	2.5	Meghan	
UKR	Shot Canada	42:14	42:19	42:27	Worlds Preliminary 2026	Amy	2	Opponent Save	2	Player 3	
UKR	Shot Opponent	42:23	42:28	42:34	Worlds Preliminary 2026	Player 3	2	Canada Ball Control Save	3.5	Meghan	
UKR	Shot Canada	42:30	42:35	42:43	Worlds Preliminary 2026	Emma	4	Opponent Save	2.5	Player 4	
UKR	T-END	44:57	44:57	44:57	Worlds Preliminary 2026						
FIFH	@@@P1	00:00	00:00	00:00	Malmo 2026						
FIFH	T-START	00:00	00:00	00:00	Malmo 2026						
FIFH	Shot Opponent	00:23	00:28	00:37	Malmo 2026	Player 8	5	Canada Ball Control Save	4	Emma	
FIFH	Shot Canada	00:32	00:37	00:46	Malmo 2026	Emma	5	Opponent Save	1	Player 1	
FIFH	Shot Opponent	00:41	00:46	00:56	Malmo 2026	Player 1	1	Canada Ball Control Save	4	Meghan	
FIFH	Shot Canada	00:52	00:57	01:10	Malmo 2026	Emma	5	Opponent Save	5	Player 8	
FIFH	Shot Opponent	01:07	01:12	01:24	Malmo 2026	Player 8	4	Canada Save	4	Emma	
FIFH	Shot Canada	01:19	01:24	01:38	Malmo 2026	Amy	1	Opponent Save	4	Player 8	
FIFH	Shot Opponent	01:35	01:40	01:52	Malmo 2026	Player 1	2	Canada Ball Control Save	2	Meghan	
FIFH	Shot Canada	01:47	01:52	02:04	Malmo 2026	Amy	2	Opponent Save	2	Player 1	
FIFH	Shot Opponent	01:59	02:04	02:13	Malmo 2026	Player 1	2	Canada Ball Control Save	1.5	Amy	
FIFH	Shot Canada	02:08	02:13	02:20	Malmo 2026	Amy	2	Opponent Save	1.5	Player 1	
FIFH	Shot Opponent	02:20	02:25	02:33	Malmo 2026	Player 8	4	Canada Ball Control Save	1	Amy	
FIFH	Shot Canada	02:29	02:34	02:53	Malmo 2026	Emma	4	Opponent Save	2.5	Player 3	
FIFH	Shot Opponent	02:50	02:55	03:00	Malmo 2026	Player 1	1	Canada Ball Control Save	4.5	Emma	
FIFH	Shot Canada	02:56	03:01	03:08	Malmo 2026	Emma	5	Opponent Save	1.5	Player 1	
FIFH	Shot Opponent	03:03	03:08	03:18	Malmo 2026	Player 3	3	Canada Ball Control Save	3.5	Meghan	
FIFH	Shot Canada	03:13	03:18	03:24	Malmo 2026	Meghan	2	Opponent Save	3	Player 3	
FIFH	Shot Opponent	03:20	03:25	03:35	Malmo 2026	Player 8	5	Canada Save	2	Amy	
FIFH	Shot Canada	03:30	03:35	03:47	Malmo 2026	Amy	1	Opponent Save	4	Player 8	
FIFH	Shot Opponent	03:48	03:53	04:00	Malmo 2026	Player 1	2	Canada Save	2.5	Meghan	
FIFH	Shot Canada	04:00	04:05	04:13	Malmo 2026	Amy	3	Opponent Save	1.5	Player 1	
FIFH	Shot Opponent	04:17	04:22	04:29	Malmo 2026	Player 1	2	Canada Ball Control Save	3	Meghan	
FIFH	Shot Canada	04:25	04:30	04:35	Malmo 2026	Emma	4	Opponent Save	3	Player 3	
FIFH	Shot Opponent	04:31	04:36	04:44	Malmo 2026	Player 8	4	Canada Ball Control Save	4.5	Emma	
FIFH	Shot Canada	04:40	04:45	04:54	Malmo 2026	Emma	4	Opponent Save	4	Player 8	
FIFH	Shot Opponent	04:54	04:59	05:16	Malmo 2026	Player 8	5	Canada Ball Control Save	1	Amy	
FIFH	Shot Canada	05:11	05:16	05:25	Malmo 2026	Amy	2	Opponent Save	1	Player 1	
FIFH	Shot Opponent	05:20	05:25	05:33	Malmo 2026	Player 1	2	Canada Ball Control Save	2	Meghan	
FIFH	Shot Canada	05:29	05:34	05:43	Malmo 2026	Meghan	3	Opponent Save	1	Player 8	
FIFH	Shot Opponent	05:38	05:43	05:48	Malmo 2026	Player 8	5	Canada Ball Control Save	4	Emma	
FIFH	Shot Canada	05:43	05:48	05:58	Malmo 2026	Emma	2	Opponent Save	2	Player 8	
FIFH	Shot Opponent	05:53	05:58	06:06	Malmo 2026	Player 8	5	Canada Ball Control Save	5	Emma	
FIFH	Shot Canada	06:02	06:07	06:19	Malmo 2026	Amy	4	Opponent Save	2	Player 1	
FIFH	Shot Opponent	06:19	06:24	06:35	Malmo 2026	Player 8	4	Canada Ball Control Save	1	Amy	
FIFH	Shot Canada	06:31	06:36	06:43	Malmo 2026	Amy	1	Opponent Save	2	Player 3	
FIFH	Shot Opponent	06:39	06:44	06:49	Malmo 2026	Player 3	3	Canada Ball Control Save	3	Meghan	
FIFH	Shot Canada	06:44	06:49	06:59	Malmo 2026	Emma	5	Opponent Save	1.5	Player 1	
FIFH	Shot Opponent	06:55	07:00	07:07	Malmo 2026	Player 1	1	Canada Ball Control Save	5	Emma	
FIFH	Shot Canada	07:03	07:08	07:15	Malmo 2026	Amy	3	Opponent Save	1.5	Player 1	
FIFH	Shot Opponent	07:10	07:15	07:23	Malmo 2026	Player 1	2	Canada Ball Control Save	3.5	Meghan	
FIFH	Shot Canada	07:19	07:24	07:32	Malmo 2026	Meghan	3	Opponent Save	1.5	Player 1	
FIFH	Shot Opponent	07:51	07:56	08:04	Malmo 2026	Player 8	4	Canada Ball Control Save	5	Emma	
FIFH	Shot Canada	08:00	08:05	08:16	Malmo 2026	Emma	4	Opponent Save	2	Player 8	
FIFH	Shot Opponent	08:12	08:17	08:29	Malmo 2026	Player 8	5	Canada Ball Control Save	2.5	Meghan	
FIFH	Shot Canada	08:25	08:30	08:38	Malmo 2026	Amy	1	Opponent Save	2	Player 1	
FIFH	Shot Opponent	08:33	08:38	08:45	Malmo 2026	Player 3	3	Canada Ball Control Save	5	Emma	
FIFH	Shot Canada	08:40	08:45	08:57	Malmo 2026	Emma	5	Opponent Save	1.5	Player 1	
FIFH	Shot Opponent	08:53	08:58	09:06	Malmo 2026	Player 1	2	Canada Ball Control Save	2	Amy	
FIFH	Shot Canada	09:02	09:07	09:19	Malmo 2026	Amy	1	Goal Canada	4	Player 8	
FIFH	Shot Opponent	09:28	09:33	09:43	Malmo 2026	Player 8	4	Canada Save	4	Emma	
FIFH	Shot Canada	09:39	09:44	09:54	Malmo 2026	Emma	4	Opponent Save	4	Player 8	
FIFH	Shot Opponent	09:50	09:55	10:07	Malmo 2026	Player 1	1	Canada Ball Control Save	4	Emma	
FIFH	Shot Canada	10:02	10:07	10:16	Malmo 2026	Amy	2	Opponent Save	2	Player 1	
FIFH	Shot Opponent	10:12	10:17	10:24	Malmo 2026	Player 1	2	Canada Ball Control Save	1	Amy	
FIFH	Shot Canada	10:20	10:25	10:38	Malmo 2026	Amy	1	Goal Canada	2	Player 3	
FIFH	Shot Opponent	10:39	10:44	10:54	Malmo 2026	Player 8	4	Canada Ball Control Save	4	Emma	
FIFH	Shot Canada	10:49	10:54	11:06	Malmo 2026	Emma	4	Opponent Save	4.5	Player 8	
FIFH	Shot Canada	11:12	11:17	11:26	Malmo 2026	Amy	1	Opponent Save	4	Player 3	
FIFH	Shot Opponent	11:24	11:29	11:39	Malmo 2026	Player 8	4	Canada Ball Control Save	1.5	Amy	
FIFH	Shot Canada	11:35	11:40	11:53	Malmo 2026	Emma	2	Opponent Save	3.5	Player 3	
FIFH	Shot Opponent	12:40	12:45	12:55	Malmo 2026	Player 8	2	Canada Save	4	Emma	
FIFH	Shot Canada	12:51	12:56	13:03	Malmo 2026	Meghan	1	Canada Out	6		
FIFH	Shot Opponent	13:11	13:16	13:22	Malmo 2026	Player 1	3	Opponent Out	0		
FIFH	Shot Canada	13:18	13:23	13:33	Malmo 2026	Amy	1	Opponent Save	3	Player 1	
FIFH	Shot Opponent	13:36	13:41	13:46	Malmo 2026	Player 3	3	Opponent Out	6		
FIFH	Shot Canada	13:41	13:46	14:14	Malmo 2026	Emma	1	Opponent Save	5	Player 8	
FIFH	Shot Opponent	14:20	14:25	14:30	Malmo 2026	Player 8	5	Canada Ball Control Save	1.5	Amy	
FIFH	Shot Canada	14:24	14:29	14:34	Malmo 2026	Amy	2	Opponent Save	1.5	Player 1	
FIFH	Shot Opponent	14:30	14:35	14:41	Malmo 2026	Player 1	3	Canada Ball Control Save	3	Meghan	
FIFH	Shot Canada	14:37	14:42	14:50	Malmo 2026	Emma	3	Opponent Save	3.5	Player 3	
FIFH	Shot Opponent	14:46	14:51	14:58	Malmo 2026	Player 3	3	Canada Ball Control Save	4	Emma	
FIFH	Shot Canada	14:53	14:58	15:07	Malmo 2026	Amy	2	Opponent Save	1.5	Player 1	
FIFH	Shot Opponent	15:02	15:07	15:25	Malmo 2026	Player 1	2	Amy	2	Ball Over	
FIFH	Shot Opponent	15:21	15:26	15:40	Malmo 2026	Player 8	4	Canada Ball Control Save	2	Amy	
FIFH	Shot Canada	15:35	15:40	15:47	Malmo 2026	Amy	1	Goal Canada	4	Player 8	
FIFH	Shot Opponent	15:57	16:02	16:07	Malmo 2026	Player 3	3	Canada Ball Control Save	3.5	Meghan	
FIFH	Shot Canada	16:02	16:07	16:12	Malmo 2026	Emma	4	Opponent Save	3	Player 3	
FIFH	Shot Opponent	16:07	16:12	16:20	Malmo 2026	Player 1	2	Canada Save	4	Emma	
FIFH	Shot Canada	16:16	16:21	16:27	Malmo 2026	Amy	3	Opponent Save	1.5	Player 1	
FIFH	Shot Opponent	16:29	16:34	16:47	Malmo 2026	Player 8	4	Canada Ball Control Save	1	Amy	
FIFH	Shot Canada	16:43	16:48	16:57	Malmo 2026	Emma	2	Opponent Save	2	Player 1	
FIFH	Shot Opponent	16:53	16:58	17:05	Malmo 2026	Player 1	2	Opponent Out	0		
FIFH	Shot Canada	17:08	17:13	17:18	Malmo 2026	Amy	3	Opponent Save	2	Player 1	
FIFH	Shot Opponent	17:16	17:21	17:28	Malmo 2026	Player 8	4	Canada Ball Control Save	2.5	Meghan	
FIFH	Shot Canada	17:23	17:28	17:39	Malmo 2026	Meghan	1	Opponent Save	5	Player 8	
FIFH	Shot Opponent	17:35	17:40	17:53	Malmo 2026	Player 8	4	Canada Ball Control Save	1.5	Amy	
FIFH	Shot Canada	17:48	17:53	18:00	Malmo 2026	Amy	1	Opponent Save	2	Player 1	
FIFH	Shot Opponent	18:04	18:09	18:19	Malmo 2026	Player 1	1	Canada Ball Control Save	4	Meghan	
FIFH	Shot Canada	18:15	18:20	18:27	Malmo 2026	Emma	2	Opponent Save	1.5	Player 1	
FIFH	Shot Opponent	18:32	18:37	18:42	Malmo 2026	Player 1	1	Canada Ball Control Save	4	Emma	
FIFH	Shot Canada	18:38	18:43	18:55	Malmo 2026	Emma	3	Opponent Save	2	Player 1	
FIFH	Shot Opponent	18:50	18:55	19:02	Malmo 2026	Player 8	4	Canada Ball Control Save	2	Amy	
FIFH	Shot Canada	19:51	19:56	20:01	Malmo 2026	Amy	2	Goal Canada	4	Player 3	
FIFH	T-END	24:22	24:22	24:22	Malmo 2026						
FIFH	@@@P2	27:02	27:02	27:02	Malmo 2026						
FIFH	T-START	27:02	27:02	27:02	Malmo 2026						
FIFH	Shot Canada	26:59	27:04	27:11	Malmo 2026	Amy	5	Opponent Save	1.5	Player 1	
FIFH	Shot Opponent	27:07	27:12	27:25	Malmo 2026	Player 1	1	Canada Ball Control Save	4.5	Meghan	
FIFH	Shot Canada	27:21	27:26	27:31	Malmo 2026	Meghan	3	Opponent Save	3	Player 3	
FIFH	Shot Opponent	27:25	27:30	27:39	Malmo 2026	Player 3	3	Canada Ball Control Save	3.5	Elena	
FIFH	Shot Canada	27:34	27:39	27:47	Malmo 2026	Meghan	5	Opponent Save	3	Player 3	
FIFH	Shot Opponent	27:43	27:48	27:58	Malmo 2026	Player 1	2	Canada Save	2	Amy	
FIFH	Shot Canada	27:54	27:59	28:04	Malmo 2026						
FIFH	Shot Opponent	27:59	28:04	28:16	Malmo 2026	Player 8	3	Opponent Out	0		
FIFH	Shot Canada	28:14	28:19	28:31	Malmo 2026	Amy	1	Opponent Save	3	Player 3	
FIFH	Shot Opponent	28:26	28:31	28:37	Malmo 2026	Player 3	3	Canada Ball Control Save	2	Elena	
FIFH	Shot Canada	28:32	28:37	28:45	Malmo 2026	Amy	1	Opponent Save	3.5	Player 3	
FIFH	Shot Opponent	28:43	28:48	29:01	Malmo 2026	Player 1	1	Canada Ball Control Save	4	Meghan	
FIFH	Shot Canada	28:57	29:02	29:09	Malmo 2026	Meghan	3	Opponent Save	4	Player 8	
FIFH	Shot Opponent	29:05	29:10	29:28	Malmo 2026	Player 8	4	Canada Ball Control Save	2	Amy	
FIFH	Shot Canada	29:24	29:29	29:34	Malmo 2026	Amy	2	Opponent Save	2.5	Player 3	
FIFH	Shot Opponent	29:29	29:34	29:48	Malmo 2026	Player 3	3	Canada Ball Control Save	3.5	Elena	
FIFH	Shot Canada	29:44	29:49	29:54	Malmo 2026	Meghan	4	Opponent Save	5	Player 1	
FIFH	Shot Opponent	29:49	29:54	30:00	Malmo 2026	Player 8	4	Canada Ball Control Save	3	Elena	
FIFH	Shot Canada	29:56	30:01	30:09	Malmo 2026	Amy	1	Opponent Save	3	Player 3	
FIFH	Shot Opponent	30:05	30:10	30:20	Malmo 2026	Player 1	2	Canada Ball Control Save	2	Amy	
FIFH	Shot Canada	30:15	30:20	30:30	Malmo 2026	Meghan	1	Opponent Save	5	Player 8	
FIFH	Shot Opponent	30:26	30:31	30:42	Malmo 2026	Player 8	4	Opponent Out	0		
FIFH	Shot Canada	30:40	30:45	30:58	Malmo 2026	Amy	4	Opponent Save	2	Player 1	
FIFH	Shot Opponent	30:54	30:59	31:04	Malmo 2026	Player 3	3	Canada Ball Control Save	3.5	Elena	
FIFH	Shot Canada	31:00	31:05	31:13	Malmo 2026	Meghan	3	Opponent Save	4.5	Player 8	
FIFH	Shot Opponent	31:09	31:14	31:31	Malmo 2026	Player 1	1	Canada Save	4	Elena	
FIFH	Shot Canada	31:27	31:32	31:40	Malmo 2026	Meghan	5	Opponent Save	2	Player 3	
FIFH	Shot Opponent	31:36	31:41	31:47	Malmo 2026	Player 8	4	Canada Ball Control Save	1	Amy	
FIFH	Shot Canada	31:43	31:48	32:02	Malmo 2026	Amy	5	Opponent Save	1.5	Player 1	
FIFH	Shot Opponent	32:02	32:07	32:16	Malmo 2026	Player 1	1	Opponent Out	6		
FIFH	Shot Canada	32:18	32:23	32:32	Malmo 2026	Amy	5	Opponent Save	2	Player 3	
FIFH	Shot Opponent	32:28	32:33	32:44	Malmo 2026	Player 3	3	Canada Save	4	Amy	
FIFH	Shot Canada	32:40	32:45	32:51	Malmo 2026	Meghan	2	Opponent Save	5	Player 8	
FIFH	Shot Opponent	32:46	32:51	33:01	Malmo 2026	Player 8	5	Canada Save	2	Meghan	
FIFH	Shot Canada	32:57	33:02	33:09	Malmo 2026	Meghan	1	Opponent Save	5	Player 8	
FIFH	Shot Opponent	33:05	33:10	33:20	Malmo 2026	Player 8	4	Canada Ball Control Save	3.5	Elena	
FIFH	Shot Canada	33:16	33:21	33:28	Malmo 2026	Amy	5	Opponent Save	3	Player 3	
FIFH	Shot Opponent	33:24	33:29	33:36	Malmo 2026	Player 8	5	Canada Save	3	Elena	
FIFH	Shot Canada	33:32	33:37	33:48	Malmo 2026	Meghan	2	Opponent Save	4.5	Player 8	
FIFH	Shot Opponent	34:39	34:44	34:49	Malmo 2026	Player 1	1	Canada Ball Control Save	5	Amy	
FIFH	Shot Canada	34:48	34:53	35:01	Malmo 2026	Amy	5	Opponent Save	1.5	Player 1	
FIFH	Shot Opponent	34:57	35:02	35:15	Malmo 2026	Player 1	1	Canada Ball Control Save	2	4	Amy
FIFH	Shot Canada	35:10	35:15	35:20	Malmo 2026	Amy	4	Opponent Save	1	Player 1	
FIFH	Shot Opponent	35:14	35:19	35:29	Malmo 2026	Player 8	4	Canada Save	4	Amy	
FIFH	Shot Canada	35:24	35:29	35:39	Malmo 2026	Meghan	1	Opponent Save	4.5	Player 1	
FIFH	Shot Opponent	35:40	35:45	35:54	Malmo 2026	Player 3	3	Canada Ball Control Save	5	Amy	
FIFH	Shot Canada	35:53	35:58	36:08	Malmo 2026	Amy	5	Opponent Save	3	Player 3	
FIFH	Shot Opponent	36:04	36:09	36:16	Malmo 2026	Player 1	2	Canada Ball Control Save	5	Amy	
FIFH	Shot Canada	36:11	36:16	36:26	Malmo 2026	Meghan	5	Canada Out	0		
FIFH	Shot Opponent	36:25	36:30	36:39	Malmo 2026	Player 1	1	Opponent Out	6		
FIFH	Shot Canada	37:32	37:37	37:43	Malmo 2026	Meghan	3	Opponent Save	3	Player 3	Ball Over
FIFH	Shot Canada	38:04	38:09	38:18	Malmo 2026	Amy	1	Opponent Save	3.5	Player 3	
FIFH	Shot Opponent	38:14	38:19	38:28	Malmo 2026	Player 3	2	Opponent Out	6		
FIFH	Shot Canada	38:31	38:36	38:43	Malmo 2026	Meghan	5	Opponent Save	2.5	Player 3	
FIFH	Shot Opponent	38:39	38:44	38:53	Malmo 2026	Player 1	1	Canada Ball Control Save	4.5	Meghan	
FIFH	Shot Canada	38:49	38:54	39:04	Malmo 2026	Amy	2	Opponent Save	4	Player 8	
FIFH	Shot Opponent	39:06	39:11	39:16	Malmo 2026	Player 3	3	Opponent Out	6		
FIFH	Shot Canada	39:10	39:15	39:25	Malmo 2026	Meghan	4	Canada Out	0		
FIFH	Shot Opponent	39:22	39:27	39:39	Malmo 2026	Player 8	4	Canada Ball Control Save	4	Meghan	
FIFH	Shot Canada	39:35	39:40	39:50	Malmo 2026	Amy	4	Opponent Save	2	Player 1	
FIFH	Shot Opponent	39:46	39:51	39:57	Malmo 2026	Player 3	3	Canada Save	4	Meghan	
FIFH	Shot Canada	39:53	39:58	40:06	Malmo 2026	Meghan	5	Opponent Save	1	Player 1	
FIFH	Shot Opponent	40:04	40:09	40:23	Malmo 2026	Player 1	1	Opponent Out	6		
FIFH	Shot Canada	40:19	40:24	40:34	Malmo 2026	Amy	5	Opponent Save	2.5	Player 3	
FIFH	Shot Opponent	40:30	40:35	40:44	Malmo 2026	Player 1	2	Canada Ball Control Save	4.5	Meghan	
FIFH	Shot Canada	40:39	40:44	40:53	Malmo 2026	Meghan	3	Opponent Save	2	Player 1	
FIFH	Shot Opponent	40:50	40:55	41:00	Malmo 2026	Player 3	3	Opponent Out	6		
FIFH	Shot Canada	41:01	41:06	41:14	Malmo 2026	Meghan	5	Opponent Save	1.5	Player 1	
FIFH	Shot Opponent	41:10	41:15	41:23	Malmo 2026	Player 1	1	Canada Ball Control Save	4.5	Meghan	
FIFH	Shot Canada	41:19	41:24	41:32	Malmo 2026	Amy	1	Opponent Save	3	Player 3	
FIFH	Shot Opponent	41:27	41:32	42:36	Malmo 2026	Player 8	4	Canada Ball Control Save	2	Amy	
FIFH	Shot Canada	43:20	43:25	43:31	Malmo 2026	Amy	1	Opponent Save	4	Player 8	
FIFH	Shot Opponent	43:31	43:36	43:41	Malmo 2026	Player 3	3	Opponent Out	0		
FIFH	Shot Canada	43:35	43:40	43:50	Malmo 2026	Amy	1	Opponent Save	3	Player 3	
FIFH	Shot Opponent	43:45	43:50	43:56	Malmo 2026	Player 3	3	Canada Ball Control Save	3	Meghan	
FIFH	Shot Canada	43:51	43:56	44:04	Malmo 2026	Amy	2	Opponent Save	1	Player 1	
FIFH	Shot Opponent	44:00	44:05	44:14	Malmo 2026	Player 1	1	Canada Ball Control Save	5	Florinda	
FIFH	Shot Canada	44:11	44:16	44:22	Malmo 2026	Amy	5	Opponent Save	2	Player 1	
FIFH	Shot Opponent	44:18	44:23	44:34	Malmo 2026	Player 3	3	Canada Ball Control Save	4	Florinda	
FIFH	Shot Canada	44:30	44:35	44:47	Malmo 2026	Amy	2	Opponent Save	4	Player 8	Ball Over
FIFH	Shot Canada	44:43	44:48	44:56	Malmo 2026	Florinda	5	Opponent Save	3	Player 3	
FIFH	Shot Opponent	44:52	44:57	45:06	Malmo 2026	Player 1	2	Canada Ball Control Save	5	Florinda	
FIFH	Shot Canada	45:02	45:07	45:13	Malmo 2026	Florinda	4	Opponent Save	3	Player 3	
FIFH	Shot Opponent	45:08	45:13	45:21	Malmo 2026	Player 3	3	Canada Ball Control Save	3	Meghan	
FIFH	Shot Canada	45:51	45:56	46:04	Malmo 2026	Amy	1	Goal Canada	4	Player 8	
FIFH	Shot Opponent	46:12	46:17	46:24	Malmo 2026	Player 1	4	Canada Save	4	Cassandra	
FIFH	Shot Canada	46:20	46:25	46:31	Malmo 2026	Florinda	5	Opponent Save	3.5	Player 3	
FIFH	Shot Opponent	46:27	46:32	46:38	Malmo 2026	Player 3	3	Canada Ball Control Save	4	Florinda	
FIFH	Shot Canada	46:34	46:39	46:45	Malmo 2026	Florinda	5	Opponent Save	2	Player 3	
FIFH	Shot Opponent	46:40	46:45	46:55	Malmo 2026	Player 1	1	Canada Save	4	Florinda	
FIFH	Shot Canada	46:50	46:55	47:03	Malmo 2026	Amy	1	Opponent Save	3	Player 3	
FIFH	Shot Opponent	47:52	47:57	48:03	Malmo 2026	Player 8	4	Canada Ball Control Save	4.5	Florinda	
FIFH	Shot Canada	47:59	48:04	48:09	Malmo 2026	Florinda	5	Opponent Save	3	Player 3	
FIFH	T-END	48:21	48:21	48:21	Malmo 2026						
Greece	@@@P1	00:00	00:00	00:00	Malmo 2026						
Greece	T-START	00:00	00:00	00:00	Malmo 2026						
Greece	Shot Canada	00:17	00:22	00:36	Malmo 2026	Emma	5	Opponent Save	3.5	Player 7	
Greece	Shot Opponent	00:32	00:37	00:51	Malmo 2026	Player 2	5	Canada Save	3.5	Meghan	
Greece	Shot Canada	00:47	00:52	00:58	Malmo 2026	Emma	5	Opponent Save	1	Player 8	
Greece	Shot Opponent	00:54	00:59	01:10	Malmo 2026	Player 8	1	Canada Save	4.5	Emma	
Greece	Shot Canada	01:06	01:11	01:18	Malmo 2026	Meghan	3	Opponent Save	2	Player 8	
Greece	Shot Opponent	01:14	01:19	01:31	Malmo 2026	Player 8	1	Canada Ball Control Save	4	Meghan	
Greece	Shot Canada	01:27	01:32	01:38	Malmo 2026	Emma	3	Opponent Save	1.5	Player 8	
Greece	Shot Opponent	01:34	01:39	01:48	Malmo 2026	Player 2	2	Canada Save	4	Emma	
Greece	Shot Canada	01:44	01:49	02:01	Malmo 2026	Emma	4	Opponent Save	1	Player 8	
Greece	Shot Opponent	02:00	02:05	02:32	Malmo 2026	Player 8	1	Canada Ball Control Save	4.5	Emma	Goal Opponent
Greece	Shot Canada	02:31	02:36	02:41	Malmo 2026	Amy	1	Opponent Save	3	Player 7	
Greece	Shot Opponent	02:37	02:42	02:49	Malmo 2026	Player 2	4	Canada Save	3.5	Meghan	
Greece	Shot Canada	02:45	02:50	02:59	Malmo 2026	Emma	4	Opponent Save	3	Player 7	
Greece	Shot Opponent	02:55	03:00	03:07	Malmo 2026	Player 2	4	Canada Ball Control Save	4	Meghan	
Greece	Shot Canada	03:03	03:08	03:13	Malmo 2026	Meghan	4	Opponent Save	2	Player 7	
Greece	Shot Opponent	03:09	03:14	03:24	Malmo 2026	Player 8	1	Canada Ball Control Save	4.5	Emma	
Greece	Shot Canada	03:20	03:25	03:35	Malmo 2026	Emma	4	Opponent Save	3	Player 7	Ball Over
Greece	Shot Canada	03:31	03:36	03:54	Malmo 2026	Amy	2	Opponent Save	1	Player 8	
Greece	Shot Opponent	03:54	03:59	04:06	Malmo 2026	Player 2	2	Canada Ball Control Save	3	Meghan	
Greece	Shot Canada	04:01	04:06	04:15	Malmo 2026	Meghan	3	Opponent Save	4	Player 7	
Greece	Shot Opponent	04:12	04:17	04:23	Malmo 2026	Player 8	1	Opponent Out	6		
Greece	Shot Canada	04:19	04:24	04:41	Malmo 2026	Emma	4	Opponent Save	3	Player 7	
Greece	Shot Opponent	04:36	04:41	04:52	Malmo 2026	Player 8	1	Canada Ball Control Save	4	Emma	
Greece	Shot Canada	04:47	04:52	05:00	Malmo 2026	Emma	5	Opponent Save	1	Player 8	
Greece	Shot Opponent	04:56	05:01	05:09	Malmo 2026	Player 2	2	Canada Ball Control Save	4	Emma	
Greece	Shot Canada	05:05	05:10	05:19	Malmo 2026	Meghan	2	Opponent Save	4	Player 2	
Greece	Shot Opponent	05:14	05:19	05:27	Malmo 2026	Player 2	3	Canada Save	4	Emma	
Greece	Shot Canada	05:22	05:27	05:40	Malmo 2026	Meghan	5	Opponent Save	3	Player 7	
Greece	Shot Opponent	05:36	05:41	05:52	Malmo 2026	Player 2	4	Canada Ball Control Save	3.5	Meghan	
Greece	Shot Canada	05:47	05:52	36:06	Malmo 2026	Emma	2	Goal Canada	1	Player 8	
Greece	Shot Opponent	05:59	06:04	06:14	Malmo 2026	Player 8	1	Opponent Out	6		
Greece	Shot Canada	06:10	06:15	06:29	Malmo 2026	Emma	4	Opponent Save	1.5	Player 8	
Greece	Shot Opponent	06:24	06:29	06:38	Malmo 2026	Player 8	1	Canada Ball Control Save	4.5	Emma	
Greece	Shot Canada	06:34	06:39	06:49	Malmo 2026	Emma	4	Opponent Save	4	Player 2	
Greece	Shot Opponent	06:45	06:50	06:55	Malmo 2026	Player 2	3	Canada Ball Control Save	4.5	Emma	
Greece	Shot Canada	06:51	06:56	07:12	Malmo 2026	Amy	2	Opponent Save	1	Player 8	
Greece	Shot Opponent	07:08	07:13	07:19	Malmo 2026	Player 8	1	Canada Ball Control Save	4.5	Emma	
Greece	Shot Canada	07:15	07:20	07:25	Malmo 2026	Emma	5	Opponent Save	2.5	Player 7	
Greece	Shot Opponent	07:19	07:24	07:33	Malmo 2026	Player 2	3	Canada Ball Control Save	4.5	Emma	
Greece	Shot Canada	07:29	07:34	07:41	Malmo 2026	Meghan	3	Opponent Save	4	Player 2	
Greece	Shot Opponent	07:37	07:42	07:50	Malmo 2026	Player 2	2	Canada Save	4	Emma	
Greece	Shot Canada	07:46	07:51	07:58	Malmo 2026	Emma	4	Opponent Save	3	Player 7	
Greece	Shot Opponent	07:54	07:59	08:10	Malmo 2026	Player 8	1	Canada Save	3.5	Meghan	
Greece	Shot Canada	08:06	08:11	08:17	Malmo 2026	Amy	2	Opponent Save	1.5	Player 8	
Greece	Shot Opponent	08:13	08:18	08:29	Malmo 2026	Player 8	1	Canada Save	3.5	Meghan	
Greece	Shot Canada	08:25	08:30	08:40	Malmo 2026	Emma	5	Goal Canada	2	Player 8	
Greece	Shot Opponent	08:42	08:47	08:55	Malmo 2026	Player 2	1	Canada Ball Control Save	4	Meghan	
Greece	Shot Canada	08:51	08:56	09:03	Malmo 2026	Meghan	3	Opponent Save	3	Player 7	
Greece	Shot Opponent	08:59	09:04	09:11	Malmo 2026	Player 8	1	Canada Ball Control Save	4.5	Emma	
Greece	Shot Canada	09:07	09:12	09:20	Malmo 2026	Amy	1	Opponent Save	1	Player 8	
Greece	Shot Opponent	09:16	09:21	09:30	Malmo 2026	Player 8	1	Canada Ball Control Save	3.5	Meghan	
Greece	Shot Canada	09:25	09:30	09:41	Malmo 2026	Emma	2	Opponent Save	4	Player 2	
Greece	Shot Opponent	09:37	09:42	09:55	Malmo 2026	Player 2	5	Canada Ball Control Save	3	Meghan	
Greece	Shot Canada	09:50	09:55	10:05	Malmo 2026	Meghan	5	Opponent Save	2.5	Player 7	
Greece	Shot Opponent	10:01	10:06	10:16	Malmo 2026	Player 8	2	Canada Save	4	Meghan	
Greece	Shot Canada	10:11	10:16	10:24	Malmo 2026	Emma	4	Opponent Save	1.5	Player 8	
Greece	Shot Opponent	10:20	10:25	10:32	Malmo 2026	Player 8	1	Canada Ball Control Save	4.5	Emma	
Greece	Shot Canada	10:28	10:33	10:38	Malmo 2026	Emma	4	Opponent Save	3	Player 7	
Greece	Shot Opponent	10:34	10:39	10:47	Malmo 2026	Player 2	2	Canada Ball Control Save	4.5	Emma	
Greece	Shot Canada	10:43	10:48	10:54	Malmo 2026	Emma	5	Opponent Save	1	Player 8	
Greece	Shot Opponent	10:50	10:55	11:03	Malmo 2026	Player 8	1	Canada Ball Control Save	2.5	Meghan	
Greece	Shot Canada	10:58	11:03	11:11	Malmo 2026	Amy	2	Opponent Save	2	Player 7	
Greece	Shot Opponent	11:06	11:11	11:20	Malmo 2026	Player 2	4	Canada Ball Control Save	4	Emma	
Greece	Shot Canada	11:15	11:20	11:30	Malmo 2026	Meghan	1	Opponent Save	5	Player 2	
Greece	Shot Opponent	11:26	11:31	11:41	Malmo 2026	Player 2	4	Canada Ball Control Save	4.5	Emma	
Greece	Shot Canada	11:36	11:41	11:52	Malmo 2026	Emma	4	Goal Canada	2	Player 8	
Greece	Shot Opponent	12:42	12:47	12:52	Malmo 2026	Player 2	5	Canada Ball Control Save	1	Amy	
Greece	Shot Canada	12:50	12:55	13:07	Malmo 2026	Meghan	2	Opponent Save	4	Player 7	
Greece	Shot Opponent	13:03	13:08	13:15	Malmo 2026	Player 2	5	Canada Ball Control Save	4	Meghan	
Greece	Shot Canada	13:11	13:16	13:24	Malmo 2026	Emma	5	Opponent Save	2	Player 8	
Greece	Shot Opponent	13:20	13:25	13:33	Malmo 2026	Player 8	1	Canada Ball Control Save	5	Emma	
Greece	Shot Canada	13:36	13:41	13:59	Malmo 2026	Amy	2	Opponent Save	1.5	Player 8	Ball Over
Greece	Shot Canada	13:55	14:00	14:15	Malmo 2026	Meghan	3	Opponent Save	2	Player 8	
Greece	Shot Opponent	14:11	14:16	14:26	Malmo 2026	Player 8	3	Canada Ball Control Save	2	Amy	
Greece	Shot Canada	14:21	14:26	14:35	Malmo 2026	Amy	2	Opponent Save	1	Player 8	
Greece	Shot Opponent	14:31	14:36	14:47	Malmo 2026	Player 2	4	Opponent Out	0		
Greece	Shot Canada	15:04	15:09	15:20	Malmo 2026	Emma	1	Opponent Save	4	Player 7	Ball Over
Greece	Shot Canada	15:17	15:22	15:35	Malmo 2026	Emma	1	Opponent Save	4	Player 2	
Greece	Shot Opponent	15:31	15:36	15:43	Malmo 2026	Player 2	5	Canada Ball Control Save	1.5	Amy	
Greece	Shot Canada	15:38	15:43	15:52	Malmo 2026	Amy	2	Opponent Save	2.5	Player 7	
Greece	Shot Opponent	15:47	15:52	16:02	Malmo 2026	Player 8	3	Canada Save	2	Amy	
Greece	Shot Canada	15:58	16:03	16:14	Malmo 2026	Emma	2	Goal Canada	2	Player 7	
Greece	Shot Opponent	17:03	17:08	17:13	Malmo 2026	Player 2	5	Canada Ball Control Save	2	Amy	
Greece	Shot Canada	17:08	17:13	17:22	Malmo 2026	Emma	4	Opponent Save	1.5	Player 8	
Greece	Shot Opponent	17:18	17:23	17:30	Malmo 2026	Player 8	3	Canada Ball Control Save	2	Meghan	
Greece	Shot Canada	17:26	17:31	17:40	Malmo 2026	Emma	3	Opponent Save	2	Player 8	
Greece	Shot Opponent	17:35	17:40	17:47	Malmo 2026	Player 8	2	Canada Ball Control Save	4	Emma	
Greece	T-END	18:06	18:06	18:06	Malmo 2026						
Greece	@@@P2	23:59	23:59	23:59	Malmo 2026						
Greece	T-START	23:59	23:59	23:59	Malmo 2026						
Greece	Shot Opponent	23:56	24:01	24:16	Malmo 2026	Player 2	5	Opponent Out	0		
Greece	Shot Canada	24:11	24:16	24:22	Malmo 2026	Meghan	1	Canada Out	6		
Greece	Shot Opponent	24:19	24:24	24:37	Malmo 2026	Player 8	2	Canada Ball Control Save	1.5	Meghan	
Greece	Shot Canada	24:33	24:38	24:48	Malmo 2026	Emma	5	Opponent Save	2.5	Player 9	
Greece	Shot Opponent	24:43	24:48	24:55	Malmo 2026	Player 8	2	Canada Ball Control Save	3	Elena	
Greece	Shot Canada	24:50	24:55	25:03	Malmo 2026	Meghan	2	Opponent Save	4.5	Player 2	
Greece	Shot Opponent	24:58	25:03	25:13	Malmo 2026	Player 2	5	Canada Ball Control Save	1	Meghan	
Greece	Shot Canada	25:08	25:13	25:23	Malmo 2026	Meghan	1	Opponent Save	5	Player 2	
Greece	Shot Opponent	25:18	25:23	25:28	Malmo 2026	Player 2	5	Canada Ball Control Save	1	Meghan	
Greece	Shot Canada	25:22	25:27	25:34	Malmo 2026	Emma	5	Opponent Save	1	Player 8	
Greece	Shot Opponent	25:36	25:41	25:47	Malmo 2026	Player 8	2	Canada Save	3	Elena	
Greece	Shot Canada	25:43	25:48	25:56	Malmo 2026	Meghan	1	Opponent Save	4.5	Player 2	
Greece	Shot Opponent	25:51	25:56	26:05	Malmo 2026	Player 2	5	Canada Ball Control Save	2	Meghan	
Greece	Shot Canada	26:01	26:06	26:13	Malmo 2026	Emma	1	Opponent Save	3.5	Player 9	
Greece	Shot Opponent	26:09	26:14	26:23	Malmo 2026	Player 8	3	Canada Ball Control Save	3	Elena	
Greece	Shot Canada	26:19	26:24	26:31	Malmo 2026	Elena	4	Opponent Save	1.5	Player 8	
Greece	Shot Opponent	26:27	26:32	26:39	Malmo 2026	Player 8	3	Canada Save	3	Elena	
Greece	Shot Canada	26:35	26:40	26:47	Malmo 2026	Meghan	3	Opponent Save	4	Player 9	
Greece	Shot Opponent	26:43	26:48	26:57	Malmo 2026	Player 2	5	Canada Ball Control Save	1	Meghan	
Greece	Shot Canada	26:53	26:58	27:14	Malmo 2026	Emma	5	Opponent Save	1	Player 8	
Greece	Shot Opponent	27:14	27:19	27:31	Malmo 2026	Player 8	3	Canada Ball Control Save	2.5	Elena	
Greece	Shot Canada	27:27	27:32	27:43	Malmo 2026	Meghan	1	Canada Out	6		
Greece	Shot Opponent	27:40	27:45	27:56	Malmo 2026	Player 2	5	Canada Ball Control Save	1	Meghan	
Greece	Shot Canada	27:52	27:57	28:10	Malmo 2026	Emma	2	Opponent Save	3.5	Player 9	
Greece	Shot Opponent	28:06	28:11	28:16	Malmo 2026	Player 9	3	Canada Ball Control Save	5	Emma	
Greece	Shot Canada	28:11	28:16	28:21	Malmo 2026	Emma	5	Opponent Save	1.5	Player 8	
Greece	Shot Opponent	28:16	28:21	28:32	Malmo 2026	Player 8	3	Canada Save	1.5	Meghan	
Greece	Shot Canada	28:28	28:33	28:44	Malmo 2026	Meghan	2	Opponent Save	4	Player 9	
Greece	Shot Opponent	28:40	28:45	28:53	Malmo 2026	Player 2	5	Canada Ball Control Save	2	Elena	
Greece	Shot Canada	28:49	28:54	28:59	Malmo 2026	Elena	3	Opponent Save	3	Player 9	
Greece	Shot Opponent	28:55	29:00	29:10	Malmo 2026	Player 8	3	Canada Ball Control Save	2	Meghan	
Greece	Shot Canada	29:06	29:11	29:18	Malmo 2026	Meghan	1	Opponent Save	4	Player 9	
Greece	Shot Opponent	29:14	29:19	29:27	Malmo 2026	Player 2	4	Canada Save	2	Meghan	
Greece	Shot Canada	29:23	29:28	29:36	Malmo 2026	Emma	3	Opponent Save	2	Player 9	
Greece	Shot Opponent	29:32	29:37	29:51	Malmo 2026	Player 8	3	Canada Ball Control Save	2	Meghan	
Greece	Shot Canada	29:46	29:51	30:03	Malmo 2026	Meghan	2	Opponent Save	4	Player 2	
Greece	Shot Opponent	29:58	30:03	30:10	Malmo 2026	Player 2	5	Canada Ball Control Save	4	Emma	
Greece	Shot Canada	30:06	30:11	30:17	Malmo 2026	Emma	5	Opponent Save	1.5	Player 8	
Greece	Shot Opponent	30:13	30:18	30:26	Malmo 2026	Player 8	3	Canada Ball Control Save	2.5	Elena	
Greece	Shot Canada	30:22	30:27	30:36	Malmo 2026	Meghan	2	Canada Out	6		
Greece	Shot Opponent	30:34	30:39	30:50	Malmo 2026	Player 8	3	Canada Ball Control Save	1.5	Meghan	
Greece	Shot Canada	30:46	30:51	30:58	Malmo 2026	Meghan	2	Opponent Save	3	Player 9	
Greece	Shot Opponent	30:54	30:59	31:07	Malmo 2026	Player 2	4	Canada Ball Control Save	2	Elena	
Greece	Shot Canada	31:03	31:08	31:15	Malmo 2026	Emma	5	Opponent Save	2	Player 8	
Greece	Shot Opponent	31:10	31:15	31:24	Malmo 2026	Player 8	3	Canada Save	2.5	Elena	
Greece	Shot Canada	31:21	31:26	31:32	Malmo 2026	Meghan	1	Opponent Save	3	Player 9	
Greece	Shot Opponent	31:28	31:33	31:43	Malmo 2026	Player 2	4	Canada Save	2	Meghan	
Greece	Shot Canada	32:22	32:27	32:35	Malmo 2026	Emma	4	Opponent Save	2.5	Player 9	
Greece	Shot Opponent	32:30	32:35	32:45	Malmo 2026	Player 8	3	Canada Save	4	Emma	
Greece	Shot Canada	32:40	32:45	32:52	Malmo 2026	Emma	4	Opponent Save	1	Player 8	
Greece	Shot Opponent	32:48	32:53	33:07	Malmo 2026	Player 8	3	Opponent Out	0		
Greece	Shot Canada	33:02	33:07	33:16	Malmo 2026	Meghan	2	Opponent Save	4	Player 2	
Greece	Shot Opponent	33:11	33:16	33:22	Malmo 2026	Player 2	4	Canada Ball Control Save	2	Meghan	
Greece	Shot Canada	33:17	33:22	33:34	Malmo 2026	Emma	4	Goal Canada	1	Player 8	
Greece	Shot Opponent	34:25	34:30	34:43	Malmo 2026	Player 2	3	Canada Save	4	Cassandra	
Greece	Shot Canada	34:39	34:44	34:50	Malmo 2026	Emma	4	Opponent Save	4	Player 2	
Greece	Shot Opponent	34:46	34:51	34:59	Malmo 2026	Player 2	4	Canada Save	4	Cassandra	
Greece	Shot Canada	34:54	34:59	35:05	Malmo 2026	Emma	5	Canada Out	0		
Greece	Shot Opponent	35:05	35:10	35:20	Malmo 2026	Player 8	3	Canada Ball Control Save	3.5	Meghan	
Greece	Shot Canada	35:17	35:22	35:29	Malmo 2026	Emma	2	Opponent Save	2.5	Player 9	
Greece	Shot Opponent	35:25	35:30	35:38	Malmo 2026	Player 8	3	Canada Ball Control Save	1	Meghan	
Greece	Shot Canada	35:34	35:39	35:48	Malmo 2026	Emma	2	Opponent Save	4	Player 9	
Greece	Shot Opponent	35:44	35:49	35:54	Malmo 2026	Player 9	3	Opponent Out	0		
Greece	Shot Canada	36:36	36:41	36:47	Malmo 2026	Emma	5	Opponent Save	2	Player 8	
Greece	Shot Opponent	36:43	36:48	36:58	Malmo 2026	Player 8	3	Canada Ball Control Save	1.5	Meghan	
Greece	Shot Canada	37:35	37:40	37:46	Malmo 2026	Meghan	3	Opponent Save	4.5	Player 2	
Greece	Shot Opponent	37:42	37:47	37:54	Malmo 2026	Player 2	3	Canada Save	3	Cassandra	
Greece	Shot Canada	37:49	37:54	38:03	Malmo 2026	Florinda	5	Opponent Save	3	Player 7	
Greece	Shot Opponent	37:58	38:03	38:12	Malmo 2026	Player 8	3	Canada Ball Control Save	2	Cassandra	
Greece	Shot Canada	38:08	38:13	38:22	Malmo 2026	Meghan	1	Opponent Save	4	Player 7	
Greece	Shot Opponent	38:18	38:23	38:37	Malmo 2026	Player 2	4	Canada Ball Control Save	4	Cassandra	
Greece	Shot Canada	38:33	38:38	38:45	Malmo 2026	Florinda	4	Opponent Save	1.5	Player 8	
Greece	Shot Opponent	38:41	38:46	38:53	Malmo 2026	Player 8	2	Canada Save	4	Cassandra	
Greece	Shot Canada	38:49	38:54	39:03	Malmo 2026	Meghan	3	Opponent Save	3.5	Player 7	
Greece	Shot Opponent	38:59	39:04	39:09	Malmo 2026						
Greece	Shot Canada	39:03	39:08	39:21	Malmo 2026	Meghan	2	Opponent Save	4	Player 7	
Greece	Shot Opponent	39:19	39:24	39:39	Malmo 2026	Player 8	1	Canada Ball Control Save	3	Cassandra	
Greece	Shot Canada	39:34	39:39	39:47	Malmo 2026	Meghan	2	Opponent Save	4	Player 2	
Greece	Shot Opponent	39:43	39:48	39:57	Malmo 2026	Player 2	3	Canada Save	4	Florinda	
Greece	Shot Canada	39:53	39:58	40:04	Malmo 2026	Meghan	3	Opponent Save	3	Player 7	
Greece	Shot Opponent	39:59	40:04	40:12	Malmo 2026	Player 8	1	Canada Ball Control Save	3	Cassandra	
Greece	Shot Canada	40:46	40:51	40:59	Malmo 2026	Cassandra	1	Opponent Save	4	Player 2	
Greece	Shot Opponent	40:55	41:00	41:06	Malmo 2026	Player 2	4	Canada Ball Control Save	4	Florinda	
Greece	Shot Canada	41:02	41:07	41:14	Malmo 2026	Florinda	4	Opponent Save	2.5	Player 7	
Greece	Shot Opponent	41:11	41:16	41:23	Malmo 2026	Player 8	2	Canada Ball Control Save	4.5	Florinda	
Greece	Shot Canada	41:19	41:24	41:37	Malmo 2026	Florinda	5	Opponent Save	4.5	Player 2	
Greece	Shot Opponent	42:18	42:23	42:34	Malmo 2026	Player 2	5	Ball Control Save	3.5	Elena	
Greece	T-END	44:22	44:22	44:22	Malmo 2026						
Israel	@@@P1	00:00	00:00	00:00	Worlds QF 2026						
Israel	T-START	00:00	00:00	00:00	Worlds QF 2026						
Israel	Shot Opponent	00:00	00:02	00:13	Worlds QF 2026	Player 6	3	Canada Ball Control Save	2.5	Meghan	
Israel	Shot Canada	00:08	00:13	00:26	Worlds QF 2026	Amy	2	Opponent Save	2.5	Player 10	
Israel	Shot Opponent	00:21	00:26	00:35	Worlds QF 2026	Player 1	3	Canada Save	2	Meghan	
Israel	Shot Canada	00:31	00:36	00:47	Worlds QF 2026	Emma	4	Opponent Save	1.5	Player 1	
Israel	Shot Opponent	00:42	00:47	00:56	Worlds QF 2026	Player 6	1	Goal Opponent	5	Emma	
Israel	Shot Canada	01:05	01:10	01:24	Worlds QF 2026	Amy	4	Opponent Save	2	Player 1	
Israel	Shot Opponent	01:19	01:24	01:31	Worlds QF 2026	Player 1	2	Canada Ball Control Save	4.5	Emma	
Israel	Shot Canada	01:30	01:35	01:44	Worlds QF 2026	Emma	5	Opponent Save	2	Player 1	
Israel	Shot Opponent	01:39	01:44	01:54	Worlds QF 2026	Player 6	2	Canada Save	2	Amy	
Israel	Shot Canada	01:50	01:55	02:06	Worlds QF 2026	Amy	1	Opponent Save	3.5	Player 10	
Israel	Shot Opponent	02:02	02:07	02:15	Worlds QF 2026	Player 1	3	Canada Ball Control Save	2	Amy	
Israel	Shot Canada	02:11	02:16	02:22	Worlds QF 2026	Amy	2	Opponent Save	2	Player 10	
Israel	Shot Opponent	02:18	02:23	02:34	Worlds QF 2026	Player 6	5	Canada Save	1.5	Amy	
Israel	Shot Canada	02:32	02:37	02:45	Worlds QF 2026	Emma	2	Opponent Save	3	Player 10	
Israel	Shot Opponent	02:41	02:46	02:53	Worlds QF 2026	Player 1	3	High Ball			
Israel	Penalty Shot Canada	03:02	03:07	03:31	Worlds QF 2026	Amy	3	Goal Canada	5	Player 1	
Israel	Shot Opponent	03:29	03:34	03:44	Worlds QF 2026	Player 6	2	Canada Ball Control Save	3	Meghan	
Israel	Shot Canada	03:40	03:45	03:51	Worlds QF 2026	Meghan	3	Opponent Save	3.5	Player 10	
Israel	Shot Opponent	03:47	03:52	04:04	Worlds QF 2026	Player 1	3	Canada Ball Control Save	2	Meghan	Canada Save
Israel	Shot Canada	04:00	04:05	04:18	Worlds QF 2026	Emma	4	Opponent Save	4	Player 6	
Israel	Shot Opponent	04:14	04:19	04:40	Worlds QF 2026	Player 6	2	Goal Opponent	4	Emma	
Israel	Shot Canada	04:36	04:41	04:52	Worlds QF 2026	Amy	5	Opponent Save	1	Player 1	
Israel	Shot Opponent	04:47	04:52	04:57	Worlds QF 2026	Player 1	3	Canada Ball Control Save	3.5	Meghan	
Israel	Shot Canada	04:53	04:58	05:04	Worlds QF 2026	Emma	4	Opponent Save	2	Player 1	
Israel	Shot Opponent	04:59	05:04	05:28	Worlds QF 2026	Player 6	5	Canada Ball Control Save	1	Amy	
Israel	Shot Opponent	05:23	05:28	05:36	Worlds QF 2026	Player 1	4	Canada Ball Control Save	3.5	Meghan	
Israel	Shot Canada	05:32	05:37	05:43	Worlds QF 2026	Emma	4	Opponent Save	1.5	Player 1	
Israel	Shot Opponent	05:38	05:43	05:52	Worlds QF 2026	Player 6	1	Canada Save	4	Emma	
Israel	Shot Canada	05:47	05:52	06:00	Worlds QF 2026	Amy	3	Opponent Save	1.5	Player 1	
Israel	Shot Opponent	05:55	06:00	06:12	Worlds QF 2026	Player 1	4	Goal Opponent	3	Meghan	
Israel	Shot Canada	06:20	06:25	06:36	Worlds QF 2026	Amy	1	Opponent Save	4	Player 6	
Israel	Shot Opponent	06:34	06:39	06:51	Worlds QF 2026	Player 6	1	Opponent Out	6		
Israel	Shot Canada	06:54	06:59	07:10	Worlds QF 2026	Emma	4	Opponent Save	5	Player 6	
Israel	Shot Opponent	07:08	07:13	07:32	Worlds QF 2026	Player 1	4	Canada Ball Control Save	2	Meghan	
Israel	Shot Canada	07:28	07:33	07:39	Worlds QF 2026	Amy	2	Opponent Save	1.5	Player 1	
Israel	Shot Opponent	07:34	07:39	07:48	Worlds QF 2026	Player 6	4	Canada Ball Control Save	1	Amy	
Israel	Shot Canada	07:45	07:50	07:56	Worlds QF 2026	Amy	1	Opponent Save	1	Player 1	
Israel	Shot Opponent	08:15	08:20	08:26	Worlds QF 2026	Player 1	2	Canada Ball Control Save	3	Meghan	
Israel	Shot Canada	08:21	08:26	08:35	Worlds QF 2026	Emma	5	Opponent Save	2	Player 10	
Israel	Shot Opponent	08:31	08:36	08:43	Worlds QF 2026	Player 6	3	Canada Save	3	Meghan	
Israel	Shot Canada	08:43	08:48	08:53	Worlds QF 2026	Amy	4	Opponent Save	1.5	Player 1	
Israel	Shot Opponent	08:48	08:53	09:01	Worlds QF 2026	Player 1	2	Canada Save	2	Amy	
Israel	Shot Canada	08:56	09:01	09:08	Worlds QF 2026	Emma	3	Opponent Save	2	Player 1	
Israel	Shot Opponent	09:04	09:09	09:17	Worlds QF 2026	Player 6	4	Canada Ball Control Save	1.5	Amy	
Israel	Shot Canada	09:13	09:18	09:33	Worlds QF 2026	Amy	5	Opponent Save	3	Player 10	
Israel	Shot Opponent	09:29	09:34	09:41	Worlds QF 2026	Player 1	3	Canada Ball Control Save	3.5	Meghan	
Israel	Shot Canada	09:37	09:42	09:48	Worlds QF 2026	Meghan	3	Opponent Save	1	Player 1	
Israel	Shot Opponent	09:52	09:57	10:03	Worlds QF 2026	Player 6	1	High Ball			
Israel	Penalty Shot Canada	10:17	10:22	10:35	Worlds QF 2026	Amy	1	Canada Out	6		
Israel	Shot Opponent	10:31	10:36	11:33	Worlds QF 2026	Player 1	2	Canada Save	4	Emma	
Israel	Shot Canada	11:29	11:34	11:42	Worlds QF 2026	Meghan	5	Opponent Save	3	Player 10	
Israel	Shot Opponent	11:38	11:43	11:51	Worlds QF 2026	Player 6	4	Canada Ball Control Save	3	Meghan	
Israel	Shot Canada	11:47	11:52	12:00	Worlds QF 2026	Amy	4	Opponent Save	1	Player 1	
Israel	Shot Opponent	12:00	12:05	12:14	Worlds QF 2026	Player 1	1	Canada Save	4	Emma	
Israel	Shot Canada	12:10	12:15	12:22	Worlds QF 2026	Emma	5	Opponent Save	1	Player 1	
Israel	Shot Opponent	12:17	12:22	12:35	Worlds QF 2026	Player 6	4	Canada Save	2	Amy	
Israel	Shot Canada	12:32	12:37	12:47	Worlds QF 2026	Amy	4	Opponent Save	1	Player 1	
Israel	Shot Opponent	12:44	12:49	13:01	Worlds QF 2026	Player 1	1	Canada Ball Control Save	1	Amy	
Israel	Shot Canada	12:57	13:02	13:08	Worlds QF 2026	Amy	2	Opponent Save	3	Player 10	
Israel	Shot Opponent	13:04	13:09	13:22	Worlds QF 2026	Player 6	4	Canada Save	2	Amy	
Israel	Shot Canada	13:18	13:23	13:37	Worlds QF 2026	Amy	4	Opponent Save	1	Player 1	
Israel	Shot Opponent	13:38	13:43	13:53	Worlds QF 2026	Player 1	2	Canada Ball Control Save	2	Amy	
Israel	Shot Canada	13:48	13:53	13:59	Worlds QF 2026	Meghan	3	Opponent Save	4	Player 6	
Israel	Shot Opponent	13:55	14:00	14:09	Worlds QF 2026	Player 6	5	Opponent Out	0		
Israel	Shot Canada	14:05	14:10	14:27	Worlds QF 2026	Emma	4	Goal Canada	1.5	Player 1	
Israel	Shot Opponent	14:33	14:38	14:52	Worlds QF 2026	Player 6	4	Canada Save	4	Emma	
Israel	Shot Canada	14:47	14:52	14:59	Worlds QF 2026	Amy	3	Opponent Save	2.5	Player 10	
Israel	Shot Opponent	14:54	14:59	15:06	Worlds QF 2026	Player 1	2	Canada Ball Control Save	3	Meghan	
Israel	Shot Canada	15:02	15:07	15:14	Worlds QF 2026	Emma	4	Opponent Save	1	Player 1	
Israel	Shot Opponent	15:10	15:15	15:32	Worlds QF 2026	Player 6	1	Opponent Save	4	Emma	
Israel	Shot Canada	15:31	15:36	15:44	Worlds QF 2026	Amy	5	Opponent Save	2	Player 1	
Israel	Shot Opponent	15:40	15:45	15:53	Worlds QF 2026	Player 1	1	Canada Save	4	Emma	
Israel	Shot Canada	15:49	15:54	16:00	Worlds QF 2026	Emma	4	Opponent Save	1.5	Player 1	
Israel	Shot Opponent	15:56	16:01	16:11	Worlds QF 2026	Player 6	1	Canada Ball Control Save	4	Emma	
Israel	Shot Canada	16:17	16:22	16:32	Worlds QF 2026	Amy	1	Opponent Save	3	Player 10	
Israel	Shot Opponent	16:28	16:33	16:41	Worlds QF 2026	Player 1	2	Opponent Out	6		
Israel	Shot Canada	16:42	16:47	17:00	Worlds QF 2026	Emma	1	Opponent Save	4.5	Player 6	
Israel	Shot Opponent	16:55	17:00	17:05	Worlds QF 2026	Player 6	5	Opponent Out	0		
Israel	Shot Canada	16:58	17:03	17:17	Worlds QF 2026	Amy	2	Opponent Save	4.5	Player 6	
Israel	Shot Opponent	17:13	17:18	17:23	Worlds QF 2026	Player 6	5	Canada Ball Control Save	1	Amy	
Israel	Shot Canada	17:18	17:23	17:33	Worlds QF 2026	Meghan	3	Opponent Save	4.5	Player 6	
Israel	Shot Opponent	17:29	17:34	17:42	Worlds QF 2026	Player 1	3	Canada Save	4	Emma	
Israel	Shot Canada	17:38	17:43	17:53	Worlds QF 2026	Amy	2	Opponent Save	4	Player 10	
Israel	Shot Opponent	17:54	17:59	18:09	Worlds QF 2026	Player 6	2	Canada Ball Control Save	3	Meghan	
Israel	Shot Canada	18:05	18:10	18:15	Worlds QF 2026	Emma	5	Opponent Save	3	Player 10	
Israel	Shot Opponent	18:10	18:15	18:23	Worlds QF 2026	Player 1	1	Canada Ball Control Save	5	Emma	
Israel	Shot Canada	18:19	18:24	18:34	Worlds QF 2026	Emma	4	Opponent Save	5	Player 6	
Israel	Shot Opponent	18:30	18:35	18:42	Worlds QF 2026	Player 6	5	Opponent Out	0		
Israel	Shot Canada	18:39	18:44	19:01	Worlds QF 2026	Amy	1	Opponent Save	4.5	Player 6	Ball Over
Israel	Shot Canada	18:57	19:02	19:28	Worlds QF 2026	Emma	1	Opponent Save	4.5	Player 6	
Israel	Shot Opponent	19:23	19:28	19:41	Worlds QF 2026	Player 6	4	Goal Opponent	2	Meghan	
Israel	Shot Canada	19:48	19:53	20:02	Worlds QF 2026	Amy	2	Opponent Save	4.5	Player 6	
Israel	Shot Opponent	19:57	20:02	20:14	Worlds QF 2026	Player 1	4	Canada Save	1.5	Amy	
Israel	Shot Canada	20:10	20:15	20:23	Worlds QF 2026	Emma	2	Opponent Save	3	Player 10	
Israel	Shot Opponent	20:18	20:23	20:34	Worlds QF 2026	Player 6	4	Canada Ball Control Save	1.5	Amy	
Israel	Shot Canada	21:16	21:21	21:35	Worlds QF 2026	Amy	5	Opponent Save	2	Player 1	
Israel	T-END	21:41	21:41	21:41	Worlds QF 2026						
Israel	@@@P2	25:11	25:11	25:11	Worlds QF 2026						
Israel	T-START	25:11	25:11	25:11	Worlds QF 2026						
Israel	Shot Canada	27:18	27:23	27:37	Worlds QF 2026	Amy	1	Opponent Save	2.5	Player 5	
Israel	Shot Opponent	27:33	27:38	27:43	Worlds QF 2026	Player 6	3	Canada Ball Control Save	3	Meghan	
Israel	Shot Canada	27:39	27:44	27:53	Worlds QF 2026	Meghan	4	Opponent Save	4	Player 6	
Israel	Shot Opponent	27:49	27:54	27:59	Worlds QF 2026	Player 1	2	Canada Ball Control Save	5	Emma	
Israel	Shot Canada	27:55	28:00	28:08	Worlds QF 2026	Emma	4	Opponent Save	4.5	Player 6	
Israel	Shot Opponent	28:04	28:09	28:15	Worlds QF 2026	Player 6	2	Canada Ball Control Save	3	Meghan	
Israel	Shot Canada	28:11	28:16	28:21	Worlds QF 2026	Amy	2	Opponent Save	2	Player 1	
Israel	Shot Opponent	28:16	28:21	28:28	Worlds QF 2026	Player 1	2	Canada Ball Control Save	3	Meghan	
Israel	Shot Canada	28:23	28:28	28:37	Worlds QF 2026	Emma	4	Opponent Save	4.5	Player 6	
Israel	Shot Opponent	28:32	28:37	28:44	Worlds QF 2026	Player 6	5	Canada Ball Control Save	1	Amy	
Israel	Shot Canada	28:40	28:45	28:58	Worlds QF 2026	Amy	1	Opponent Save	1	Player 1	
Israel	Shot Opponent	28:54	28:59	29:10	Worlds QF 2026	Player 1	1	Canada Ball Control Save	5	Emma	
Israel	Shot Canada	29:05	29:10	29:20	Worlds QF 2026	Emma	3	Opponent Save	5	Player 6	
Israel	Shot Opponent	29:16	29:21	29:45	Worlds QF 2026	Player 6	5	Opponent Out	0		
Israel	Shot Canada	29:41	29:46	29:55	Worlds QF 2026	Amy	2	Opponent Save	2	Player 1	
Israel	Shot Opponent	29:51	29:56	30:02	Worlds QF 2026	Player 1	4	Canada Ball Control Save	3	Meghan	
Israel	Shot Canada	29:57	30:02	30:11	Worlds QF 2026	Emma	4	Opponent Save	4.5	Player 6	
Israel	Shot Opponent	30:06	30:11	30:19	Worlds QF 2026	Player 6	3	Canada Ball Control Save	3	Meghan	
Israel	Shot Canada	30:14	30:19	30:26	Worlds QF 2026	Meghan	3	Opponent Save	5	Player 6	
Israel	Shot Opponent	30:22	30:27	30:34	Worlds QF 2026	Player 6	2	Canada Ball Control Save	5	Emma	
Israel	Shot Canada	30:30	30:35	30:47	Worlds QF 2026	Emma	5	Opponent Save	2	Player 1	
Israel	Shot Opponent	30:43	30:48	30:57	Worlds QF 2026	Player 1	1	Canada Ball Control Save	4	Emma	
Israel	Shot Canada	30:53	30:58	31:03	Worlds QF 2026	Amy	3	Opponent Save	1.5	Player 1	
Israel	Shot Opponent	30:59	31:04	31:15	Worlds QF 2026	Player 6	2	Canada Ball Control Save	4.5	Emma	
Israel	Shot Canada	31:10	31:15	31:24	Worlds QF 2026	Emma	5	Opponent Save	2	Player 1	
Israel	Shot Opponent	31:20	31:25	31:34	Worlds QF 2026	Player 1	2	Canada Save	5	Emma	
Israel	Shot Canada	31:29	31:34	31:41	Worlds QF 2026	Meghan	3	Opponent Save	1	Player 1	
Israel	Shot Opponent	31:37	31:42	32:15	Worlds QF 2026	Player 6	1	Goal Opponent	2.5	Amy	
Israel	Shot Canada	32:11	32:16	32:21	Worlds QF 2026	Amy	1	Opponent Save	2.5	Player 5	
Israel	Shot Opponent	32:17	32:22	32:29	Worlds QF 2026	Player 1	3	Canada Ball Control Save	4	Meghan	
Israel	Shot Canada	32:24	32:29	32:39	Worlds QF 2026	Meghan	3	Opponent Save	5	Player 6	
Israel	Shot Opponent	32:39	32:44	33:01	Worlds QF 2026	Player 6	4	Canada Save	2	Amy	
Israel	Shot Canada	32:56	33:01	33:12	Worlds QF 2026	Amy	1	Opponent Save	3	Player 5	
Israel	Shot Opponent	33:07	33:12	33:22	Worlds QF 2026	Player 1	1	Opponent Out	6		
Israel	Shot Canada	33:18	33:23	33:39	Worlds QF 2026	Emma	5	Opponent Save	2	Player 1	
Israel	Shot Opponent	33:35	33:40	33:52	Worlds QF 2026	Player 6	5	Opponent Out	6		
Israel	Shot Canada	33:48	33:53	34:04	Worlds QF 2026	Amy	5	Opponent Save	3	Player 5	
Israel	Shot Opponent	34:00	34:05	34:13	Worlds QF 2026	Player 1	2	Canada Save	3.5	Meghan	
Israel	Shot Canada	34:09	34:14	34:21	Worlds QF 2026	Emma	4	Opponent Save	1.5	Player 1	
Israel	Shot Opponent	34:18	34:23	34:35	Worlds QF 2026	Player 6	3	Canada Ball Control Save	2	Amy	
Israel	Shot Canada	34:30	34:35	34:41	Worlds QF 2026	Amy	1	Opponent Save	3.5	Player 5	
Israel	Shot Opponent	34:36	34:41	34:49	Worlds QF 2026	Player 1	3	Canada Save	2	Amy	
Israel	Shot Canada	34:45	34:50	34:57	Worlds QF 2026	Amy	2	Opponent Save	1.5	Player 6	
Israel	Shot Opponent	34:53	34:58	35:05	Worlds QF 2026	Player 6	3	Canada Ball Control Save	4	Meghan	
Israel	Shot Canada	35:01	35:06	35:14	Worlds QF 2026	Meghan	2	Opponent Save	5	Player 6	
Israel	Shot Opponent	35:11	35:16	35:21	Worlds QF 2026	Player 6	5	Canada Ball Control Save	5	Emma	
Israel	Shot Canada	35:46	35:51	36:00	Worlds QF 2026	Emma	2	Opponent Save	5	Player 6	
Israel	Shot Opponent	35:55	36:00	36:08	Worlds QF 2026	Player 6	4	Canada Ball Control Save	3	Meghan	
Israel	Shot Canada	36:03	36:08	36:16	Worlds QF 2026	Amy	1	Opponent Save	4	Player 5	
Israel	Shot Opponent	36:11	36:16	36:24	Worlds QF 2026	Player 1	3	Canada Save	4	Meghan	
Israel	Shot Canada	36:20	36:25	36:34	Worlds QF 2026	Emma	4	Opponent Save	5	Player 6	
Israel	Shot Opponent	36:30	36:35	36:49	Worlds QF 2026	Player 6	4	Canada Save	2	Amy	
Israel	Shot Canada	37:26	37:31	37:44	Worlds QF 2026	Emma	1	Amy	1	High Ball	
Israel	Penalty Shot Opponent	37:58	38:03	38:11	Worlds QF 2026	Player 6	3	High Ball			
Israel	Penalty Shot Canada	38:23	38:28	38:56	Worlds QF 2026	Meghan	4	Goal Canada	4	Player 6	
Israel	Shot Opponent	38:52	38:57	39:55	Worlds QF 2026	Player 1	2	Canada Ball Control Save	5	Emma	
Israel	Shot Canada	39:51	39:56	40:05	Worlds QF 2026	Amy	1	Opponent Save	2	Player 1	
Israel	Shot Opponent	40:00	40:05	40:14	Worlds QF 2026	Player 6	4	Canada Ball Control Save	1.5	Amy	
Israel	Shot Canada	40:10	40:15	40:34	Worlds QF 2026	Amy	2	Opponent Save	4	Player 6	
Israel	Shot Opponent	40:30	40:35	40:44	Worlds QF 2026	Player 1	3	Canada Ball Control Save	4	Emma	
Israel	Shot Canada	40:40	40:45	40:51	Worlds QF 2026	Amy	2	Opponent Save	3.5	Player 5	
Israel	Shot Opponent	40:46	40:51	41:00	Worlds QF 2026	Player 6	5	Canada Ball Control Save	3	Meghan	
Israel	Shot Canada	40:56	41:01	41:11	Worlds QF 2026	Amy	1	Opponent Save	3	Player 5	
Israel	Shot Opponent	41:06	41:11	41:17	Worlds QF 2026	Player 1	2	Canada Ball Control Save	3	Meghan	
Israel	Shot Canada	41:13	41:18	41:32	Worlds QF 2026	Amy	1	Opponent Save	5	Player 6	
Israel	Shot Opponent	41:27	41:32	41:39	Worlds QF 2026	Player 6	5	Canada Ball Control Save	1	Amy	
Israel	Shot Canada	41:34	41:39	41:47	Worlds QF 2026	Emma	2	Opponent Save	3	Player 1	
Israel	Shot Opponent	41:43	41:48	41:58	Worlds QF 2026	Player 1	2	Opponent Out	6		
Israel	Shot Canada	41:54	41:59	42:11	Worlds QF 2026	Emma	5	Opponent Save	1	Player 1	
Israel	Shot Opponent	42:06	42:11	42:23	Worlds QF 2026	Player 6	4	Canada Ball Control Save	3	Meghan	
Israel	Shot Canada	42:18	42:23	42:29	Worlds QF 2026	Emma	4	Opponent Save	1.5	Player 1	
Israel	Shot Opponent	42:24	42:29	42:37	Worlds QF 2026	Player 1	2	Canada Ball Control Save	4	Emma	
Israel	Shot Canada	42:33	42:38	42:44	Worlds QF 2026	Emma	5	Opponent Save	1	Player 1	
Israel	Shot Opponent	42:40	42:45	43:08	Worlds QF 2026	Player 6	4	Goal Opponent	2	Amy	
Israel	Shot Canada	43:11	43:16	43:22	Worlds QF 2026	Emma	5	Canada Out	0		
Israel	Shot Opponent	43:18	43:23	43:34	Worlds QF 2026	Player 1	2	Canada Save	2	Amy	
Israel	Shot Canada	43:29	43:34	43:42	Worlds QF 2026	Meghan	2	Opponent Save	4	Player 5	
Israel	Shot Opponent	43:38	43:43	43:50	Worlds QF 2026	Player 6	4	Canada Ball Control Save	4	Emma	
Israel	Shot Canada	44:38	44:43	44:51	Worlds QF 2026	Amy	2	Opponent Save	1	Player 1	
Israel	Shot Opponent	44:47	44:52	45:07	Worlds QF 2026	Player 6	4	Canada Ball Control Save	1.5	Amy	
Israel	Shot Canada	45:02	45:07	45:16	Worlds QF 2026	Amy	2	Opponent Save	2	Player 1	
Israel	Shot Opponent	45:11	45:16	45:22	Worlds QF 2026	Player 6	4	Canada Ball Control Save	2.5	Meghan	
Israel	Shot Canada	45:18	45:23	45:31	Worlds QF 2026	Amy	2	Opponent Save	1.5	Player 1	
Israel	Shot Opponent	45:27	45:32	45:37	Worlds QF 2026	Player 1	1	Canada Ball Control Save	3	Meghan	
Israel	Shot Canada	45:32	45:37	45:46	Worlds QF 2026	Amy	2	Opponent Save	4	Player 5	
Israel	Shot Opponent	46:24	46:29	46:42	Worlds QF 2026	Player 6	4	Canada Ball Control Save	3	Meghan	
Israel	Shot Canada	46:37	46:42	46:52	Worlds QF 2026	Amy	2	Opponent Save	3.5	Player 1	
Israel	Shot Opponent	46:47	46:52	47:04	Worlds QF 2026	Player 6	4	Canada Save	3.5	Meghan	
Israel	Shot Canada	46:59	47:04	47:21	Worlds QF 2026	Amy	2	Goal Canada	2	Player 1	
Israel	Shot Opponent	47:40	47:45	48:01	Worlds QF 2026	Player 6	4	Canada Save	4.5	Emma	
Israel	Shot Canada	48:40	48:45	48:51	Worlds QF 2026	Amy	2	Opponent Save	3	Player 5	
Israel	Shot Opponent	48:47	48:52	49:00	Worlds QF 2026	Player 6	4	Canada Ball Control Save	3	Meghan	
Israel	Shot Canada	48:55	49:00	49:07	Worlds QF 2026	Amy	2	Opponent Save	3.5	Player 5	
Israel	Shot Opponent	49:03	49:08	49:17	Worlds QF 2026	Player 1	3	Canada Ball Control Save	3	Meghan	
Israel	Shot Canada	49:48	49:53	49:59	Worlds QF 2026	Amy	4	Opponent Save	3.5	Player 5	
Israel	Shot Opponent	49:55	50:00	50:11	Worlds QF 2026	Player 6	4	Canada Save	4	Cassandra	
Israel	T-END	50:15	50:15	50:15	Worlds QF 2026						
Japan	@@@P1	00:00	00:00	00:00	Worlds Classification 2026						
Japan	T-START	00:00	00:00	00:00	Worlds Classification 2026						
Japan	Team B	00:03	00:22	00:03	Worlds Classification 2026	Player 6	1	Ball Control	4	Emma	Skip
Japan	Team A	00:22	00:32	00:22	Worlds Classification 2026	Emma	5	Ball Control	2.5	Player 6	Skip
Japan	Team B	00:32	00:38	00:32	Worlds Classification 2026	Player 6	1	Ball Control	4	Emma	Skip
Japan	Team A	00:38	00:43	00:38	Worlds Classification 2026	Meghan	3	Out	0		Skip
Japan	Team B	00:43	01:00	00:43	Worlds Classification 2026	Player 4	5	Save	3	Meghan	Skip
Japan	Team A	01:00	01:25	01:00	Worlds Classification 2026	Amy	1	Goal Team A	4	Player 4	Skip
Japan	Team B	01:25	01:34	01:25	Worlds Classification 2026	Player 6	1	Save	4	Emma	Skip
Japan	Team A	01:34	01:43	01:34	Worlds Classification 2026	Emma	4	Ball Control	2	Player 6	Skip
Japan	Team B	01:43	01:48	01:43	Worlds Classification 2026	Player 6	4	Ball Control	5	Emma	Skip
Japan	Team A	01:48	01:55	01:48	Worlds Classification 2026	Amy	4	Ball Control	2.5	Player 7	Skip
Japan	Team B	01:55	02:02	01:55	Worlds Classification 2026	Player 4	5	Ball Control	1	Amy	Skip
Japan	Team A	02:02	02:10	02:02	Worlds Classification 2026	Amy	1	Ball Control	4.5	Player 4	Skip
Japan	Team B	02:10	02:28	02:10	Worlds Classification 2026	Player 4	5	Goal Team B	2	Meghan	Skip
Japan	Team A	02:28	02:47	02:28	Worlds Classification 2026	Amy	2	Save	4.5	Player 4	Skip
Japan	Team B	02:47	03:15	02:47	Worlds Classification 2026	Player 4	5	Goal Team B	2	Meghan	Skip
Japan	Team A	03:15	04:09	03:15	Worlds Classification 2026	Meghan	3	Save	4.5	Player 4	Skip
Japan	Team B	04:09	04:20	04:09	Worlds Classification 2026	Player 6	4	Ball Control	3	Meghan	Skip
Japan	Team A	04:20	04:28	04:20	Worlds Classification 2026	Amy	1	Ball Control	2	Player 6	Skip
Japan	Team B	04:28	04:38	04:28	Worlds Classification 2026	Player 6	2	Ball Control	2.5	Meghan	Skip
Japan	Team A	04:38	04:43	04:38	Worlds Classification 2026	Emma	4	Ball Control	3	Player 7	Skip
Japan	Team B	04:43	04:49	04:43	Worlds Classification 2026	Player 4	2	Ball Control	3	Meghan	Skip
Japan	Team A	04:49	04:58	04:49	Worlds Classification 2026	Emma	4	Ball Control	2	Player 6	Skip
Japan	Team B	04:58	05:06	04:58	Worlds Classification 2026	Player 6	1	Ball Control	1.5	Amy	Skip
Japan	Team A	05:06	05:12	05:06	Worlds Classification 2026	Amy	2	Ball Control	4.5	Player 4	Skip
Japan	Team B	05:12	05:23	05:12	Worlds Classification 2026	Player 4	5	Ball Control	2	Meghan	Skip
Japan	Team A	05:23	05:33	05:23	Worlds Classification 2026	Amy	4	Ball Control	1	Player 6	Skip
Japan	Team B	05:33	05:39	05:33	Worlds Classification 2026	Player 6	4	Ball Control	2.5	Meghan	Skip
Japan	Team A	05:39	05:48	05:39	Worlds Classification 2026	Meghan	4	Ball Control	4.5	Player 4	Skip
Japan	Team B	05:48	05:54	05:48	Worlds Classification 2026	Player 4	4	Ball Control	4	Emma	Skip
Japan	Team A	05:54	06:08	05:54	Worlds Classification 2026	Emma	4	Ball Control	3	Player 7	Skip
Japan	Team B	06:08	06:12	06:08	Worlds Classification 2026	Player 4	5	Out	0		Skip
Japan	Team A	06:12	06:30	06:12	Worlds Classification 2026	Emma	5	Out	0		Skip
Japan	Team B	06:30	06:42	06:30	Worlds Classification 2026	Player 6	4	Save	2	Amy	Skip
Japan	Team A	06:42	06:54	06:42	Worlds Classification 2026	Amy	2	Ball Control	2.5	Player 7	Skip
Japan	Team B	06:54	07:01	06:54	Worlds Classification 2026	Player 4	5	Ball Control	4	Meghan	Skip
Japan	Team A	07:01	07:08	07:01	Worlds Classification 2026	Meghan	3	Ball Control	5	Player 4	Skip
Japan	Team B	07:08	07:22	07:08	Worlds Classification 2026	Player 6	4	Ball Control	4	Meghan	Skip
Japan	Team A	07:22	07:30	07:22	Worlds Classification 2026	Emma	4	Ball Control	2	Player 6	Skip
Japan	Team B	07:30	07:38	07:30	Worlds Classification 2026	Player 4	4	Ball Control	3.5	Meghan	Skip
Japan	Team A	07:38	07:57	07:38	Worlds Classification 2026	Amy	1	Ball Control	4	Player 4	Skip
Japan	Team B	07:57	08:07	07:57	Worlds Classification 2026	Player 6	2	Ball Control	4	Meghan	Skip
Japan	Team A	08:07	08:14	08:07	Worlds Classification 2026	Emma	4	Ball Control	2.5	Player 7	Skip
Japan	Team B	08:14	08:25	08:14	Worlds Classification 2026	Player 4	5	Save	2	Amy	Ball Over
Japan	Team B	08:25	08:40	08:25	Worlds Classification 2026	Player 6	3	Ball Control	2	Amy	Skip
Japan	Team A	08:40	08:52	08:40	Worlds Classification 2026	Amy	4	Ball Control	1	Player 6	Skip
Japan	Team B	08:52	08:57	08:52	Worlds Classification 2026	Player 4	5	Ball Control	2	Amy	Skip
Japan	Team A	08:57	09:04	08:57	Worlds Classification 2026	Amy	1	Ball Control	4.5	Player 4	Skip
Japan	Team B	09:04	09:12	09:04	Worlds Classification 2026	Player 6	4	Ball Control	3	Meghan	Skip
Japan	Team A	09:12	09:21	09:12	Worlds Classification 2026	Meghan	1	Ball Control	4.5	Player 4	Skip
Japan	Team B	09:21	09:40	09:21	Worlds Classification 2026	Player 6	1	Ball Control	5	Emma	Skip
Japan	Team A	09:40	09:51	09:40	Worlds Classification 2026	Emma	4	Ball Control	5	Player 4	Skip
Japan	Team B	09:51	10:15	09:51	Worlds Classification 2026	Player 4	5	Ball Control	2.5	Meghan	Skip
Japan	Team A	10:15	10:23	10:15	Worlds Classification 2026	Amy	1	Ball Control	3	Player 7	Skip
Japan	Team B	10:23	10:32	10:23	Worlds Classification 2026	Player 4	5	Ball Control	2	Amy	Skip
Japan	Team A	10:32	10:39	10:32	Worlds Classification 2026	Meghan	3	Ball Control	1	Player 6	Skip
Japan	Team B	10:39	11:04	10:39	Worlds Classification 2026	Player 6	4	Goal Team B	2	Amy	Skip
Japan	Team A	11:04	11:12	11:04	Worlds Classification 2026	Amy	3	Ball Control	2	Player 6	Skip
Japan	Team A	11:20	11:25	11:20	Worlds Classification 2026	Emma	5	Ball Control	3	Player 7	Skip
Japan	Team B	11:25	11:32	11:25	Worlds Classification 2026	Player 4	4	Ball Control	1	Amy	Skip
Japan	Team A	11:32	11:41	11:32	Worlds Classification 2026	Amy	1	Ball Control	4.5	Player 4	Skip
Japan	Team B	11:41	11:52	11:41	Worlds Classification 2026	Player 6	1	Ball Control	5	Emma	Skip
Japan	Team B	11:12	12:13	11:12	Worlds Classification 2026	Player 6	4	Goal Team B	2	Amy	Skip
Japan	Team A	12:13	12:21	12:13	Worlds Classification 2026	Emma	5	Goal Team A	2	Player 6	Skip
Japan	Team B	12:54	13:14	12:54	Worlds Classification 2026	Player 4	5	High Ball			Skip
Japan	Penalty Shot A	13:14	13:39	13:14	Worlds Classification 2026	Player 7	3	Out	6		Skip
Japan	Team B	13:39	13:57	13:39	Worlds Classification 2026	Player 6	3	Ball Control	3	Meghan	Skip
Japan	Team A	13:57	14:04	13:57	Worlds Classification 2026	Emma	5	Ball Control	1.5	Player 6	Skip
Japan	Team B	14:04	14:20	14:04	Worlds Classification 2026	Player 4	5	Save	2	Amy	Skip
Japan	Team A	14:20	14:27	14:20	Worlds Classification 2026	Meghan	3	Ball Control	4.5	Player 4	Skip
Japan	Team B	14:27	14:33	14:27	Worlds Classification 2026	Player 6	3	Ball Control	3	Meghan	Skip
Japan	Team A	14:33	14:40	14:33	Worlds Classification 2026	Amy	2	Ball Control	2	Player 6	Skip
Japan	Team B	14:40	15:05	14:40	Worlds Classification 2026			Ball Control			Skip
Japan	Team A	15:05	15:10	15:05	Worlds Classification 2026	Emma	5	Ball Control	1	Player 6	Skip
Japan	Team B	15:10	15:23	15:10	Worlds Classification 2026	Player 4	5	Ball Control	2	Meghan	Skip
Japan	Team A	15:23	15:34	15:23	Worlds Classification 2026	Amy	1	Ball Control	3	Player 7	Skip
Japan	Team B	15:34	15:41	15:34	Worlds Classification 2026	Player 6	2	Ball Control	1	Amy	Skip
Japan	Team A	15:41	15:49	15:41	Worlds Classification 2026	Amy	1	Ball Control	4	Player 4	Skip
Japan	Team A	16:10	16:18	16:10	Worlds Classification 2026	Emma	4	Ball Control	4	Player 4	Skip
Japan	Team B	16:18	16:31	16:18	Worlds Classification 2026	Player 7	3	Save	2	Amy	Skip
Japan	Team B	15:49	17:15	15:49	Worlds Classification 2026	Player 4	5	Goal Team B	2	Meghan	Skip
Japan	Team A	17:15	17:37	17:15	Worlds Classification 2026	Emma	5	Goal Team A	2	Player 6	Skip
Japan	Team B	17:37	17:44	17:37	Worlds Classification 2026	Player 4	5	Ball Control	3	Elena	Skip
Japan	Team A	17:44	17:49	17:44	Worlds Classification 2026	Emma	4	Ball Control	2	Player 6	Skip
Japan	Team B	17:49	17:59	17:49	Worlds Classification 2026	Player 6	2	Ball Control	4	Emma	Skip
Japan	Team A	17:59	18:14	17:59	Worlds Classification 2026	Amy	2	Ball Control	4.5	Player 4	Skip
Japan	Team B	18:14	18:38	18:14	Worlds Classification 2026	Player 4	5	Save	2.5	Elena	Skip
Japan	Team A	18:38	18:51	18:38	Worlds Classification 2026	Amy	2	Ball Control	2	Player 6	Skip
Japan	Team B	18:51	19:00	18:51	Worlds Classification 2026	Player 6	4	Ball Control	5	Emma	Skip
Japan	Team A	19:00	19:11	19:00	Worlds Classification 2026	Emma	5	Ball Control	1	Player 6	Skip
Japan	Team B	19:11	19:20	19:11	Worlds Classification 2026	Player 4	5	Ball Control	2	Amy	Skip
Japan	Team A	19:20	19:29	19:20	Worlds Classification 2026	Amy	2	Ball Control	2.5	Player 7	Skip
Japan	Team B	19:29	19:36	19:29	Worlds Classification 2026	Player 6	1	Out	6		Skip
Japan	Team A	19:36	19:45	19:36	Worlds Classification 2026	Emma	5	Ball Control	1.5	Player 6	Skip
Japan	Team A	25:09	25:26	25:09	Worlds Classification 2026	Amy	1	Ball Control	4	Player 7	Skip
Japan	Team B	25:26	25:35	25:26	Worlds Classification 2026	Player 2	5	Save	2	Amy	Skip
Japan	Team A	25:35	25:52	25:35	Worlds Classification 2026	Amy	1	Goal Team A	2	Player 8	Skip
Japan	Team B	25:52	26:06	25:52	Worlds Classification 2026	Player 2	5	Ball Control	2	Amy	Skip
Japan	Team A	26:06	26:14	26:06	Worlds Classification 2026	Meghan	3	Ball Control	3	Player 7	Skip
Japan	Team B	26:14	26:28	26:14	Worlds Classification 2026	Player 8	5	Goal Team B	2	Amy	Skip
Japan	Team A	26:28	26:48	26:28	Worlds Classification 2026	Amy	2	Ball Control	2	Player 8	Skip
Japan	Team B	26:48	26:54	26:48	Worlds Classification 2026	Player 8	2	Ball Control	1.5	Amy	Skip
Japan	Team A	26:54	27:08	26:54	Worlds Classification 2026	Emma	5	Ball Control	2.5	Player 7	Skip
Japan	Team B	27:08	27:22	27:08	Worlds Classification 2026	Player 2	5	Out	0		Skip
Japan	Team A	27:22	27:48	27:22	Worlds Classification 2026	Amy	1	Ball Control	4	Player 7	Skip
Japan	Team B	27:48	27:56	27:48	Worlds Classification 2026	Player 2	5	Ball Control	2.5	Meghan	Skip
Japan	Team A	27:56	28:04	27:56	Worlds Classification 2026	Amy	4	Ball Control	3	Player 7	Skip
Japan	Team B	28:04	28:15	28:04	Worlds Classification 2026	Player 8	4	Ball Control	2	Meghan	Skip
Japan	Team A	28:15	28:24	28:15	Worlds Classification 2026	Amy	2	Ball Control	4	Player 2	Smooth
Japan	Team B	28:24	28:33	28:24	Worlds Classification 2026	Player 2	5	Ball Control	1	Amy	Skip
Japan	Team A	28:33	28:40	28:33	Worlds Classification 2026	Amy	1	Ball Control	3.5	Player 7	Skip
Japan	Team B	28:40	28:48	28:40	Worlds Classification 2026	Player 8	2	Ball Control	2.5	Meghan	Skip
Japan	Team A	28:48	28:58	28:48	Worlds Classification 2026	Emma	5	Ball Control	4.5	Player 2	Skip
Japan	Team B	28:58	29:07	28:58	Worlds Classification 2026	Player 2	2	Ball Control	4	Emma	Skip
Japan	Team A	29:07	29:17	29:07	Worlds Classification 2026	Emma	4	Ball Control	4	Player 2	Skip
Japan	Team B	29:17	29:24	29:17	Worlds Classification 2026	Player 8	3	Save	3	Meghan	Skip
Japan	Team A	29:24	29:33	29:24	Worlds Classification 2026	Emma	4	Out	6		Skip
Japan	Team B	29:33	29:46	29:33	Worlds Classification 2026	Player 8	2	Ball Control	2.5	Meghan	Skip
Japan	Team A	29:46	29:55	29:46	Worlds Classification 2026	Emma	5	Out	0		Skip
Japan	Team B	29:55	30:04	29:55	Worlds Classification 2026	Player 2	4	Ball Control	2	Amy	Skip
Japan	Team A	30:04	30:11	30:04	Worlds Classification 2026	Amy	1	Ball Control	4	Player 7	Skip
Japan	Team B	30:11	30:20	30:11	Worlds Classification 2026	Player 8	2	Ball Control	4.5	Emma	Skip
Japan	Team A	30:20	30:33	30:20	Worlds Classification 2026	Emma	5	Ball Control	1.5	Player 8	Skip
Japan	Team B	30:33	30:39	30:33	Worlds Classification 2026	Player 8	1	Out	6		Skip
Japan	Team A	30:39	31:06	30:39	Worlds Classification 2026	Amy	1	Ball Control	1.5	Player 8	Skip
Japan	Team B	31:06	31:13	31:06	Worlds Classification 2026	Player 2	4	Ball Control	1.5	Amy	Skip
Japan	Team A	31:13	32:05	31:13	Worlds Classification 2026	Amy	4	Ball Control	2.5	Player 7	Skip
Japan	Team B	32:05	32:17	32:05	Worlds Classification 2026	Player 8	3	Ball Control	2.5	Meghan	Skip
Japan	Team A	32:17	32:26	32:17	Worlds Classification 2026	Meghan	4	Ball Control	2	Player 8	Skip
Japan	Team B	32:26	32:32	32:26	Worlds Classification 2026	Player 2	4	Ball Control	3.5	Meghan	Skip
Japan	Team A	32:32	32:41	32:32	Worlds Classification 2026	Emma	5	Ball Control	1.5	Player 8	Skip
Japan	Team B	32:41	32:47	32:41	Worlds Classification 2026	Player 8	1	Ball Control	3.5	Meghan	Skip
Japan	Team A	32:47	32:56	32:47	Worlds Classification 2026	Amy	2	Ball Control	2	Player 8	Skip
Japan	Team B	32:56	33:06	32:56	Worlds Classification 2026	Player 2	5	Ball Control	2.5	Meghan	Skip
Japan	Team A	33:06	33:12	33:06	Worlds Classification 2026	Amy	4	Ball Control	1	Player 8	Skip
Japan	Team B	33:12	33:26	33:12	Worlds Classification 2026	Player 8	5	Out	0		Skip
Japan	Team A	33:26	33:42	33:26	Worlds Classification 2026	Amy	1	Ball Control	3	Player 7	Skip
Japan	Team B	33:42	34:40	33:42	Worlds Classification 2026	Player 2	5	Ball Control	2	Amy	Skip
Japan	Team A	34:40	34:49	34:40	Worlds Classification 2026	Emma	4	Ball Control	1.5	Player 8	Skip
Japan	Team B	34:49	35:08	34:49	Worlds Classification 2026	Player 8	4	Goal Team B	2	Amy	Bounce
Japan	Team A	35:08	35:17	35:08	Worlds Classification 2026	Amy	4	Ball Control	2	Player 8	Skip
Japan	Team B	35:17	35:23	35:17	Worlds Classification 2026	Player 8	4	Ball Control	2	Amy	Skip
Japan	Team A	35:23	35:35	35:23	Worlds Classification 2026	Emma	4	Ball Control	2	Player 7	Skip
Japan	Team B	35:35	35:46	35:35	Worlds Classification 2026	Player 8	4	Ball Control	2.5	Meghan	Skip
Japan	Team A	35:46	35:58	35:46	Worlds Classification 2026	Meghan	3	Ball Control	2	Player 8	Skip
Japan	Team B	35:58	36:06	35:58	Worlds Classification 2026	Player 2	4	Save	3.5	Meghan	Skip
Japan	Team A	36:06	36:16	36:06	Worlds Classification 2026	Emma	4	Ball Control	2.5	Player 7	Skip
Japan	Team B	36:16	36:24	36:16	Worlds Classification 2026	Player 8	3	Ball Control	3	Meghan	Skip
Japan	Team A	36:24	36:31	36:24	Worlds Classification 2026	Amy	4	Ball Control	3.5	Player 7	Skip
Japan	Team B	36:31	36:41	36:31	Worlds Classification 2026	Player 2	5	Ball Control	3	Meghan	Bounce
Japan	Team A	36:41	36:48	36:41	Worlds Classification 2026	Emma	4	Ball Control	3	Player 7	Skip
Japan	Team B	36:48	36:57	36:48	Worlds Classification 2026	Player 2	4	Ball Control	2	Amy	Skip
Japan	Team A	36:57	37:57	36:57	Worlds Classification 2026	Emma	4	Ball Control	4	Player 2	Skip
Japan	Team B	37:57	38:05	37:57	Worlds Classification 2026	Player 2	5	Save	2	Amy	Skip
Japan	Team A	38:05	38:15	38:05	Worlds Classification 2026	Amy	2	Ball Control	4.5	Player 2	Skip
Japan	Team B	38:15	39:05	38:15	Worlds Classification 2026	Player 8	3	Out	0		Skip
Japan	Team A	39:05	39:53	39:05	Worlds Classification 2026	Amy	1	Ball Control	1.5	Player 8	Skip
Japan	Team B	39:53	40:06	39:53	Worlds Classification 2026	Player 8	2	Ball Control	2.5	Elena	Skip
Japan	Team A	40:06	40:12	40:06	Worlds Classification 2026	Emma	4	Ball Control	3.5	Player 5	Skip
Japan	Team B	40:12	40:22	40:12	Worlds Classification 2026	Player 2	5	Ball Control	2.5	Elena	Skip
Japan	Team A	40:22	40:30	40:22	Worlds Classification 2026	Amy	4	Ball Control	2	Player 8	Skip
Japan	Team B	40:30	40:38	40:30	Worlds Classification 2026	Player 8	2	Ball Control	4	Emma	Skip
Japan	Team A	40:38	40:48	40:38	Worlds Classification 2026	Emma	4	Ball Control	4	Player 2	Skip
Japan	Team B	40:48	40:53	40:48	Worlds Classification 2026	Player 8	4	Ball Control	3	Elena	Skip
Japan	Team A	40:53	41:02	40:53	Worlds Classification 2026	Amy	2	Ball Control	3	Player 5	Skip
Japan	Team B	41:02	41:13	41:02	Worlds Classification 2026	Player 2	5	Ball Control	2	Amy	Skip
Japan	Team A	41:13	41:23	41:13	Worlds Classification 2026	Emma	4	Ball Control	2	Player 5	Skip
Japan	Team B	41:23	41:47	41:23	Worlds Classification 2026	Player 8	2	Save	2	Amy	Skip
Japan	Team A	41:47	42:16	41:47	Worlds Classification 2026	Amy	2	Ball Control	2.5	Player 8	Skip
Japan	Team B	42:16	42:24	42:16	Worlds Classification 2026	Player 8	2	Save	2	Amy	Skip
Japan	Team A	42:24	42:34	42:24	Worlds Classification 2026	Amy	2	Ball Control	4.5	Player 2	Skip
Japan	Team B	42:34	42:45	42:34	Worlds Classification 2026	Player 2	4	Ball Control	2	Amy	Skip
Japan	Team A	42:45	42:52	42:45	Worlds Classification 2026	Cassandra	5	Ball Control	2.5	Player 5	Skip
Japan	Team B	42:52	43:03	42:52	Worlds Classification 2026	Player 8	1	Save	2.5	Elena	Skip
Japan	Team A	43:03	43:10	43:03	Worlds Classification 2026	Amy	2	Ball Control	3	Player 5	Skip
Japan	Team B	43:10	43:19	43:10	Worlds Classification 2026	Player 2	5	Save	3	Elena	Skip
Japan	Team A	43:19	43:27	43:19	Worlds Classification 2026	Amy	2	Ball Control	2.5	Player 5	Skip
Japan	Team B	43:27	43:36	43:27	Worlds Classification 2026	Player 8	2	Save	2	Elena	Skip
Japan	Team A	43:36	43:48	43:36	Worlds Classification 2026	Amy	2	Ball Control	2	Player 8	Skip
Japan	Team B	43:48	43:58	43:48	Worlds Classification 2026	Player 8	2	Ball Control	2	Amy	Skip
Japan	Team A	43:58	44:04	43:58	Worlds Classification 2026	Cassandra	4	Ball Control	3	Player 5	Skip
Japan	Team B	44:04	44:16	44:04	Worlds Classification 2026	Player 2	4	Ball Control	3	Elena	Skip
Japan	T-END	44:18	44:18	44:18	Worlds Classification 2026						
Japan	@@@P1	00:00	00:00	00:00	Worlds Preliminary 2026						
Japan	T-START	00:00	00:00	00:00	Worlds Preliminary 2026						
Japan	Shot Opponent	00:00	00:03	00:19	Worlds Preliminary 2026	Player 6	3	Canada Ball Control Save	2	Meghan	
Japan	Shot Canada	00:14	00:19	00:29	Worlds Preliminary 2026	Amy	1	Opponent Save	4	Player 2	
Japan	Shot Opponent	00:24	00:29	00:36	Worlds Preliminary 2026	Player 2	4	Canada Ball Control Save	1.5	Amy	
Japan	Shot Canada	00:32	00:37	00:45	Worlds Preliminary 2026	Amy	2	Opponent Save	2	Player 7	
Japan	Shot Opponent	00:41	00:46	00:54	Worlds Preliminary 2026	Player 6	2	Canada Save	2	Meghan	
Japan	Shot Canada	00:51	00:56	01:08	Worlds Preliminary 2026	Emma	5	Opponent Save	1.5	Player 6	
Japan	Shot Opponent	01:04	01:09	01:15	Worlds Preliminary 2026	Player 6	4	Canada Ball Control Save	4	Meghan	
Japan	Shot Canada	01:11	01:16	01:23	Worlds Preliminary 2026	Meghan	3	Opponent Save	5	Player 2	
Japan	Shot Opponent	01:19	01:24	01:34	Worlds Preliminary 2026	Player 2	5	Canada Ball Control Save	1	Amy	
Japan	Shot Canada	01:30	01:35	01:48	Worlds Preliminary 2026	Emma	1	Opponent Save	2.5	Player 7	
Japan	Shot Opponent	01:43	01:48	01:58	Worlds Preliminary 2026	Player 6	1	Canada Ball Control Save	5	Emma	
Japan	Shot Canada	01:54	01:59	02:12	Worlds Preliminary 2026	Emma	5	Opponent Save	1	Player 6	
Japan	Shot Opponent	02:12	02:17	02:24	Worlds Preliminary 2026	Player 6	4	Canada Ball Control Save	4	Meghan	
Japan	Shot Canada	02:20	02:25	02:33	Worlds Preliminary 2026	Amy	2	Opponent Save	3.5	Player 7	
Japan	Shot Opponent	02:28	02:33	02:39	Worlds Preliminary 2026	Player 2	4	Canada Ball Control Save	5	Emma	
Japan	Shot Canada	02:35	02:40	02:49	Worlds Preliminary 2026	Emma	4	Opponent Save	4	Player 2	
Japan	Shot Opponent	02:45	02:50	02:56	Worlds Preliminary 2026	Player 2	4	Canada Ball Control Save	2	Meghan	
Japan	Shot Canada	02:51	02:56	03:05	Worlds Preliminary 2026	Meghan	3	Opponent Save	3	Player 7	
Japan	Shot Opponent	03:00	03:05	03:12	Worlds Preliminary 2026	Player 6	3	Canada Save	3	Meghan	
Japan	Shot Canada	03:07	03:12	03:25	Worlds Preliminary 2026	Amy	1	Opponent Save	4	Player 2	
Japan	Shot Opponent	03:21	03:26	03:31	Worlds Preliminary 2026	Player 2	5	Canada Ball Control Save	1.5	Amy	
Japan	Shot Canada	03:27	03:32	03:50	Worlds Preliminary 2026	Emma	5	Opponent Save	1.5	Player 6	
Japan	Shot Opponent	03:45	03:50	03:55	Worlds Preliminary 2026	Player 6	2	Canada Ball Control Save	3	Meghan	
Japan	Shot Canada	03:50	03:55	04:03	Worlds Preliminary 2026	Amy	3	Opponent Save	3	Player 7	
Japan	Shot Opponent	03:59	04:04	04:12	Worlds Preliminary 2026	Player 2	5	Canada Ball Control Save	2	Meghan	
Japan	Shot Canada	04:07	04:12	04:20	Worlds Preliminary 2026	Emma	4	Opponent Save	3	Player 7	
Japan	Shot Opponent	04:16	04:21	04:29	Worlds Preliminary 2026	Player 6	4	Canada Save	1.5	Amy	
Japan	Shot Canada	04:24	04:29	04:41	Worlds Preliminary 2026	Amy	2	Opponent Save	2	Player 7	
Japan	Shot Opponent	04:37	04:42	04:51	Worlds Preliminary 2026	Player 6	5	Canada Ball Control Save	2.5	Meghan	
Japan	Shot Canada	04:46	04:51	05:01	Worlds Preliminary 2026	Emma	4	Opponent Save	4	Player 2	
Japan	Shot Opponent	04:56	05:01	05:09	Worlds Preliminary 2026	Player 2	4	Canada Ball Control Save	2	Amy	
Japan	Shot Canada	05:05	05:10	05:15	Worlds Preliminary 2026	Amy	2	Opponent Save	3	Player 7	
Japan	Shot Opponent	05:11	05:16	05:24	Worlds Preliminary 2026	Player 6	1	Canada Ball Control Save	3	Meghan	
Japan	Shot Canada	05:19	05:24	05:33	Worlds Preliminary 2026	Meghan	3	Opponent Save	3	Player 7	
Japan	Shot Opponent	05:29	05:34	05:49	Worlds Preliminary 2026	Player 2	5	Goal Opponent	4	Emma	
Japan	Shot Canada	06:00	06:05	06:14	Worlds Preliminary 2026	Amy	2	Opponent Save	1.5	Player 6	
Japan	Shot Opponent	06:10	06:15	06:22	Worlds Preliminary 2026	Player 2	1	Canada Ball Control Save	4	Meghan	
Japan	Shot Canada	06:17	06:22	06:35	Worlds Preliminary 2026	Meghan	3	Opponent Save	5	Player 2	
Japan	Shot Opponent	06:30	06:35	06:40	Worlds Preliminary 2026	Player 2	4	Canada Ball Control Save	4	Meghan	
Japan	Shot Canada	06:34	06:39	06:45	Worlds Preliminary 2026	Amy	2	Opponent Save	2.5	Player 7	
Japan	Shot Opponent	06:41	06:46	06:54	Worlds Preliminary 2026	Player 6	1	Canada Ball Control Save	4	Emma	
Japan	Shot Canada	06:50	06:55	07:00	Worlds Preliminary 2026	Emma	5	Canada Out	0		
Japan	Shot Opponent	06:56	07:01	07:19	Worlds Preliminary 2026	Player 2	4	Canada Save	3	Meghan	
Japan	Shot Canada	07:15	07:20	07:28	Worlds Preliminary 2026	Emma	4	Opponent Save	3.5	Player 7	
Japan	Shot Opponent	07:23	07:28	07:37	Worlds Preliminary 2026	Player 6	1	Opponent Out	6		
Japan	Shot Canada	07:41	07:46	07:57	Worlds Preliminary 2026	Amy	2	Opponent Save	1.5	Player 6	
Japan	Shot Opponent	07:53	07:58	08:11	Worlds Preliminary 2026	Player 6	4	Canada Ball Control Save	2.5	Meghan	
Japan	Shot Canada	08:06	08:11	08:20	Worlds Preliminary 2026	Meghan	3	Opponent Save	4.5	Player 2	
Japan	Shot Opponent	08:15	08:20	08:31	Worlds Preliminary 2026	Player 2	2	Canada Save	4.5	Emma	
Japan	Shot Canada	08:26	08:31	08:42	Worlds Preliminary 2026	Amy	5	Opponent Save	3	Player 7	
Japan	Shot Opponent	08:38	08:43	08:54	Worlds Preliminary 2026	Player 2	5	Canada Save	3.5	Meghan	
Japan	Shot Canada	08:50	08:55	09:02	Worlds Preliminary 2026	Emma	4	Opponent Save	5	Player 2	
Japan	Shot Opponent	08:57	09:02	09:10	Worlds Preliminary 2026	Player 6	1	Opponent Out	6		
Japan	Shot Canada	09:09	09:14	09:22	Worlds Preliminary 2026	Emma	4	Opponent Save	3	Player 7	
Japan	Shot Opponent	09:18	09:23	09:34	Worlds Preliminary 2026	Player 2	5	Canada Ball Control Save	3.5	Meghan	
Japan	Shot Canada	09:29	09:34	09:39	Worlds Preliminary 2026	Meghan	3	Opponent Save	1.5	Player 6	
Japan	Shot Opponent	09:35	09:40	09:45	Worlds Preliminary 2026	Player 6	2	Canada Save	4	Emma	
Japan	Shot Canada	10:12	10:17	10:28	Worlds Preliminary 2026	Amy	1	Opponent Save	4	Player 7	
Japan	Shot Opponent	10:23	10:28	10:34	Worlds Preliminary 2026	Player 2	5	Canada Save	4	Emma	
Japan	Shot Canada	10:29	10:34	10:44	Worlds Preliminary 2026	Emma	4	Opponent Save	2	Player 7	
Japan	Shot Opponent	10:39	10:44	10:53	Worlds Preliminary 2026	Player 6	3	Canada Ball Control Save	1	Amy	
Japan	Shot Canada	10:52	10:57	11:07	Worlds Preliminary 2026	Amy	1	Opponent Save	1.5	Player 6	
Japan	Shot Opponent	11:03	11:08	11:17	Worlds Preliminary 2026	Player 2	4	Canada Ball Control Save	2.5	Meghan	
Japan	Shot Canada	11:12	11:17	11:25	Worlds Preliminary 2026	Emma	4	Opponent Save	3.5	Player 7	
Japan	Shot Opponent	11:20	11:25	11:34	Worlds Preliminary 2026	Player 6	4	Canada Ball Control Save	3	Meghan	
Japan	Shot Canada	11:29	11:34	11:42	Worlds Preliminary 2026	Meghan	2	Opponent Save	4	Player 7	
Japan	Shot Opponent	11:37	11:42	11:50	Worlds Preliminary 2026	Player 2	5	Opponent Out	0		
Japan	Shot Canada	11:46	11:51	12:04	Worlds Preliminary 2026	Emma	4	Opponent Save	2	Player 7	
Japan	Shot Opponent	12:00	12:05	12:18	Worlds Preliminary 2026	Player 6	2	Canada Ball Control Save	4	Emma	
Japan	Shot Canada	12:13	12:18	12:27	Worlds Preliminary 2026	Meghan	2	Opponent Save	4.5	Player 2	
Japan	Shot Opponent	12:22	12:27	12:34	Worlds Preliminary 2026	Player 2	4	Canada Ball Control Save	1.5	Amy	
Japan	Shot Canada	12:29	12:34	12:42	Worlds Preliminary 2026	Amy	2	Opponent Save	5	Player 2	
Japan	Shot Opponent	13:26	13:31	13:43	Worlds Preliminary 2026	Player 6	1	Canada Save	4	Meghan	
Japan	Shot Canada	13:39	13:44	13:51	Worlds Preliminary 2026	Emma	4	Opponent Save	2	Player 6	
Japan	Shot Opponent	13:47	13:52	14:02	Worlds Preliminary 2026	Player 6	2	Canada Ball Control Save	4	Meghan	
Japan	Shot Canada	13:58	14:03	14:08	Worlds Preliminary 2026	Amy	3	Opponent Save	1.5	Player 6	
Japan	Shot Opponent	14:04	14:09	14:17	Worlds Preliminary 2026	Player 2	3	Canada Ball Control Save	2	Amy	
Japan	Shot Canada	14:13	14:18	14:25	Worlds Preliminary 2026	Amy	2	Opponent Save	2	Player 6	
Japan	Shot Opponent	14:21	14:26	14:33	Worlds Preliminary 2026	Player 6	4	Canada Ball Control Save	3	Meghan	
Japan	Shot Canada	14:28	14:33	14:43	Worlds Preliminary 2026	Emma	4	Opponent Save	1.5	Player 6	
Japan	Shot Opponent	14:38	14:43	14:52	Worlds Preliminary 2026	Player 2	5	Canada Ball Control Save	1.5	Amy	
Japan	Shot Canada	14:48	14:53	15:00	Worlds Preliminary 2026	Amy	2	Opponent Save	2	Player 6	
Japan	Shot Opponent	14:56	15:01	15:08	Worlds Preliminary 2026	Player 6	2	Canada Save	2	Amy	
Japan	Shot Canada	15:04	15:09	15:17	Worlds Preliminary 2026	Emma	2	Opponent Save	3.5	Player 7	
Japan	Shot Opponent	15:13	15:18	15:34	Worlds Preliminary 2026	Player 7	3	Canada Save	4	Emma	
Japan	Shot Canada	16:06	16:11	16:17	Worlds Preliminary 2026	Amy	5	Opponent Save	2.5	Player 7	
Japan	Shot Opponent	16:13	16:18	16:25	Worlds Preliminary 2026	Player 2	4	Canada Save	2	Amy	
Japan	Shot Canada	16:20	16:25	16:31	Worlds Preliminary 2026	Amy	1	Opponent Save	3	Player 7	
Japan	Shot Opponent	16:27	16:32	16:41	Worlds Preliminary 2026	Player 6	2	Canada Ball Control Save	2	Meghan	
Japan	Shot Canada	16:36	16:41	16:50	Worlds Preliminary 2026	Emma	4	Opponent Save	1.5	Player 6	
Japan	T-END	16:53	16:53	16:53	Worlds Preliminary 2026						
Japan	@@@P2	22:23	22:23	22:23	Worlds Preliminary 2026						
Japan	T-START	22:23	22:23	22:23	Worlds Preliminary 2026						
Japan	Shot Canada	22:23	22:28	22:37	Worlds Preliminary 2026	Amy	2	Opponent Save	4.5	Player 2	
Japan	Shot Opponent	22:32	22:37	22:44	Worlds Preliminary 2026	Player 2	4	Canada Ball Control Save	2	Amy	
Japan	Shot Canada	22:40	22:45	22:54	Worlds Preliminary 2026	Amy	2	Opponent Save	4	Player 7	
Japan	Shot Opponent	22:49	22:54	22:59	Worlds Preliminary 2026	Player 6	4	Canada Ball Control Save	1	Amy	
Japan	Shot Canada	22:55	23:00	23:13	Worlds Preliminary 2026	Emma	4	Opponent Save	3	Player 7	
Japan	Shot Opponent	23:09	23:14	23:22	Worlds Preliminary 2026	Player 2	4	Opponent Out	0		
Japan	Shot Canada	23:20	23:25	23:37	Worlds Preliminary 2026	Amy	1	Opponent Save	4	Player 7	
Japan	Shot Opponent	23:33	23:38	23:44	Worlds Preliminary 2026	Player 6	2	Canada Ball Control Save	2	Meghan	
Japan	Shot Canada	23:39	23:44	23:53	Worlds Preliminary 2026	Emma	5	Opponent Save	2	Player 6	
Japan	Shot Opponent	23:50	23:55	24:00	Worlds Preliminary 2026	Player 6	2	Canada Ball Control Save	4	Emma	
Japan	Shot Canada	23:53	23:58	24:04	Worlds Preliminary 2026	Meghan	3	Opponent Save	3.5	Player 7	
Japan	Shot Opponent	24:00	24:05	24:13	Worlds Preliminary 2026	Player 2	4	Opponent Out	0		
Japan	Shot Canada	24:08	24:13	24:26	Worlds Preliminary 2026	Amy	1	Opponent Save	4	Player 7	
Japan	Shot Opponent	24:22	24:27	24:37	Worlds Preliminary 2026	Player 2	5	Canada Ball Control Save	4	Meghan	
Japan	Shot Canada	24:32	24:37	24:44	Worlds Preliminary 2026	Emma	4	Opponent Save	1	Player 6	
Japan	Shot Opponent	24:40	24:45	24:53	Worlds Preliminary 2026	Player 6	4	Canada Ball Control Save	1.5	Amy	
Japan	Shot Canada	24:52	24:57	25:09	Worlds Preliminary 2026	Amy	2	Opponent Save	4	Player 7	
Japan	Shot Opponent	25:05	25:10	25:22	Worlds Preliminary 2026	Player 2	5	Canada Save	4	Meghan	
Japan	Shot Canada	25:18	25:23	25:34	Worlds Preliminary 2026	Emma	5	Opponent Save	1	Player 6	
Japan	Shot Opponent	25:29	25:34	25:42	Worlds Preliminary 2026	Player 6	4	Canada Ball Control Save	2	Amy	
Japan	Shot Canada	25:38	25:43	25:50	Worlds Preliminary 2026	Amy	4	Opponent Save	3	Player 7	
Japan	Shot Opponent	25:47	25:52	25:59	Worlds Preliminary 2026	Player 2	4	Canada Ball Control Save	1	Amy	
Japan	Shot Canada	25:55	26:00	26:12	Worlds Preliminary 2026	Emma	2	Opponent Save	2.5	Player 7	
Japan	Shot Opponent	26:08	26:13	26:22	Worlds Preliminary 2026	Player 6	2	Canada Ball Control Save	4	Emma	
Japan	Shot Canada	26:17	26:22	26:29	Worlds Preliminary 2026	Meghan	3	Opponent Save	2.5	Player 7	
Japan	Shot Opponent	26:25	26:30	26:40	Worlds Preliminary 2026	Player 2	3	Canada Ball Control Save	3.5	Meghan	
Japan	Shot Canada	26:36	26:41	26:46	Worlds Preliminary 2026	Emma	4	Opponent Save	3	Player 7	
Japan	Shot Opponent	26:40	26:45	26:55	Worlds Preliminary 2026	Player 6	3	Canada Ball Control Save	1.5	Amy	
Japan	Shot Canada	26:53	26:58	27:10	Worlds Preliminary 2026	Amy	2	Opponent Save	2	Player 6	
Japan	Shot Opponent	27:10	27:15	27:22	Worlds Preliminary 2026	Player 2	5	Canada Ball Control Save	2	Meghan	
Japan	Shot Canada	27:18	27:23	27:31	Worlds Preliminary 2026	Meghan	4	Opponent Save	2	Player 7	
Japan	Shot Opponent	27:26	27:31	27:40	Worlds Preliminary 2026	Player 6	1	Canada Save	4	Meghan	
Japan	Shot Canada	27:36	27:41	27:49	Worlds Preliminary 2026	Amy	4	Opponent Save	2	Player 7	
Japan	Shot Opponent	27:44	27:49	28:06	Worlds Preliminary 2026	Player 6	1	Canada Save	2	Amy	
Japan	Shot Canada	28:01	28:06	28:16	Worlds Preliminary 2026	Amy	2	Opponent Save	3	Player 7	
Japan	Shot Opponent	28:11	28:16	28:21	Worlds Preliminary 2026	Player 6	2	Canada Ball Control Save	5	Emma	
Japan	Shot Canada	28:17	28:22	28:30	Worlds Preliminary 2026	Meghan	5	Opponent Save	3	Player 7	
Japan	Shot Opponent	28:25	28:30	28:40	Worlds Preliminary 2026	Player 2	5	Canada Ball Control Save	2	Amy	
Japan	Shot Canada	28:35	28:40	28:48	Worlds Preliminary 2026	Meghan	2	Opponent Save	4	Player 7	
Japan	Shot Opponent	28:44	28:49	28:59	Worlds Preliminary 2026	Player 6	4	Canada Ball Control Save	2	Amy	
Japan	Shot Canada	29:21	29:26	29:39	Worlds Preliminary 2026	Amy	1	Opponent Save	4	Player 2	
Japan	Shot Opponent	29:34	29:39	29:47	Worlds Preliminary 2026	Player 6	2	Canada Ball Control Save	3	Meghan	
Japan	Shot Canada	29:42	29:47	29:56	Worlds Preliminary 2026	Meghan	4	Opponent Save	2	Player 7	
Japan	Shot Opponent	29:52	29:57	30:04	Worlds Preliminary 2026	Player 2	3	Canada Ball Control Save	4	Meghan	
Japan	Shot Canada	30:00	30:05	30:13	Worlds Preliminary 2026	Amy	2	Opponent Save	3.5	Player 7	
Japan	Shot Opponent	30:09	30:14	30:23	Worlds Preliminary 2026	Player 6	3	Canada Ball Control Save	1.5	Amy	
Japan	Shot Canada	30:18	30:23	30:38	Worlds Preliminary 2026	Meghan	3	Opponent Save	4.5	Player 2	
Japan	Shot Opponent	31:23	31:28	31:35	Worlds Preliminary 2026	Player 6	3	Canada Ball Control Save	3	Meghan	
Japan	Shot Canada	31:31	31:36	31:42	Worlds Preliminary 2026	Emma	4	Opponent Save	2	Player 7	
Japan	Shot Opponent	31:38	31:43	31:52	Worlds Preliminary 2026	Player 2	5	Canada Ball Control Save	2	Amy	
Japan	Shot Canada	31:47	31:52	31:59	Worlds Preliminary 2026	Amy	2	Canada Out	6		
Japan	Shot Opponent	32:01	32:06	32:12	Worlds Preliminary 2026	Player 6	4	Canada Ball Control Save	1	Amy	
Japan	Shot Canada	32:07	32:12	32:19	Worlds Preliminary 2026	Amy	1	Opponent Save	5	Player 2	
Japan	Shot Opponent	32:14	32:19	32:30	Worlds Preliminary 2026	Player 2	5	Canada Ball Control Save	2.5	Meghan	
Japan	Shot Canada	32:26	32:31	32:38	Worlds Preliminary 2026	Emma	4	Canada Out	0		
Japan	Shot Opponent	32:34	32:39	32:53	Worlds Preliminary 2026	Player 6	1	Canada Ball Control Save	1.5	Amy	
Japan	Shot Canada	32:50	32:55	33:11	Worlds Preliminary 2026	Amy	5	Opponent Save	2	Player 7	
Japan	Shot Opponent	33:09	33:14	33:25	Worlds Preliminary 2026	Player 2	4	Canada Ball Control Save	2	Amy	
Japan	Shot Canada	33:21	33:26	33:32	Worlds Preliminary 2026	Meghan	3	Opponent Save	4.5	Player 2	
Japan	Shot Opponent	34:11	34:16	34:23	Worlds Preliminary 2026	Player 4	5	Canada Ball Control Save	2	Amy	
Japan	Shot Canada	34:18	34:23	34:29	Worlds Preliminary 2026	Amy	2	Opponent Save	3	Player 7	
Japan	Shot Opponent	34:26	34:31	34:37	Worlds Preliminary 2026	Player 6	2	Canada Ball Control Save	3	Meghan	
Japan	Shot Canada	34:33	34:38	34:45	Worlds Preliminary 2026	Meghan	4	Opponent Save	3	Player 7	
Japan	Shot Opponent	34:41	34:46	34:54	Worlds Preliminary 2026	Player 4	5	Canada Ball Control Save	1.5	Amy	
Japan	Shot Canada	34:52	34:57	35:10	Worlds Preliminary 2026	Amy	4	Opponent Save	2.5	Player 7	
Japan	Shot Opponent	35:06	35:11	35:18	Worlds Preliminary 2026	Player 6	3	Canada Ball Control Save	2	Amy	
Japan	Shot Canada	35:14	35:19	35:29	Worlds Preliminary 2026	Emma	5	Opponent Save	1	Player 6	
Japan	Shot Opponent	35:29	35:34	35:44	Worlds Preliminary 2026	Player 4	5	Canada Ball Control Save	1.5	Amy	
Japan	Shot Canada	36:29	36:34	36:45	Worlds Preliminary 2026	Amy	4	Opponent Save	4.5	Player 4	
Japan	Shot Opponent	36:40	36:45	36:52	Worlds Preliminary 2026	Player 4	5	Canada Ball Control Save	1	Amy	
Japan	Shot Canada	36:57	37:02	37:09	Worlds Preliminary 2026	Emma	2	Opponent Save	1.5	Player 6	
Japan	Shot Opponent	37:06	37:11	37:26	Worlds Preliminary 2026	Player 6	2	Canada Ball Control Save	2	Meghan	
Japan	Shot Canada	37:22	37:27	37:48	Worlds Preliminary 2026	Amy	4	Opponent Save	2	Player 6	
Japan	Shot Opponent	38:15	38:20	38:34	Worlds Preliminary 2026	Player 8	2	Canada Save	2	Meghan	
Japan	Shot Canada	38:30	38:35	38:46	Worlds Preliminary 2026	Amy	4	Opponent Save	4	Player 7	
Japan	Shot Opponent	38:42	38:47	38:53	Worlds Preliminary 2026	Player 4	5	Canada Ball Control Save	2	Meghan	
Japan	Shot Canada	38:49	38:54	39:11	Worlds Preliminary 2026	Amy	2	Opponent Save	2	Player 8	
Japan	Shot Opponent	39:19	39:24	39:35	Worlds Preliminary 2026	Player 4	5	Canada Ball Control Save	1.5	Amy	
Japan	Shot Canada	39:31	39:36	39:48	Worlds Preliminary 2026	Amy	1	Opponent Save	2.5	Player 7	
Japan	Shot Opponent	39:44	39:49	39:56	Worlds Preliminary 2026	Player 8	2	Opponent Out			
Japan	Shot Canada	40:46	40:51	40:59	Worlds Preliminary 2026	Amy	3	Opponent Save	5	Player 4	
Japan	Shot Opponent	40:55	41:00	41:12	Worlds Preliminary 2026	Player 4	5	Canada Save	2	Meghan	
Japan	Shot Canada	41:08	41:13	41:25	Worlds Preliminary 2026	Amy	2	Opponent Save	3.5	Player 7	
Japan	Shot Opponent	41:21	41:26	41:34	Worlds Preliminary 2026	Player 8	2	Canada Ball Control Save	3.5	Meghan	
Japan	Shot Canada	41:30	41:35	41:40	Worlds Preliminary 2026	Amy	2	Opponent Save	5	Player 4	
Japan	Shot Opponent	41:41	41:46	41:56	Worlds Preliminary 2026	Player 4	5	Canada Ball Control Save	2.5	Meghan	
Japan	Shot Canada	42:25	42:30	42:52	Worlds Preliminary 2026	Amy	3	Opponent Save	2.5	Player 7	
Japan	Shot Opponent	42:48	42:53	43:04	Worlds Preliminary 2026	Player 8	1	Canada Save	3.5	Meghan	
Japan	Shot Canada	43:36	43:41	43:50	Worlds Preliminary 2026	Amy	1	Opponent Save	4	Player 4	
Japan	Shot Opponent	43:45	43:50	44:01	Worlds Preliminary 2026	Player 4	4	Canada Save	4	Cassandra	
Japan	Shot Canada	43:57	44:02	44:52	Worlds Preliminary 2026	Amy	1	Goal Canada	4	Player 4	
Japan	T-END	45:02	45:02	45:02	Worlds Preliminary 2026						
Japan	@@@P1	00:00	00:00	00:00	Malmo SF 2026						
Japan	T-START	00:00	00:00	00:00	Malmo SF 2026						
Japan	Shot Opponent	02:13	02:18	02:31	Malmo SF 2026	Player 6	3	Canada Save	1.5	Amy	
Japan	Shot Canada	02:26	02:31	02:42	Malmo SF 2026	Amy	2	Opponent Save	2.5	Player 5	
Japan	Shot Opponent	02:37	02:42	02:51	Malmo SF 2026	Player 6	4	Canada Ball Control Save	1	Amy	
Japan	Shot Canada	02:46	02:51	02:57	Malmo SF 2026	Emma	5	Opponent Save	3	Player 5	
Japan	Shot Opponent	02:53	02:58	03:04	Malmo SF 2026	Player 2	4	Canada Save	2	Amy	
Japan	Shot Canada	03:00	03:05	03:12	Malmo SF 2026	Meghan	3	Opponent Save	3.5	Player 5	
Japan	Shot Opponent	03:07	03:12	03:18	Malmo SF 2026	Player 6	2	Canada Save	2	Amy	
Japan	Shot Canada	03:14	03:19	03:38	Malmo SF 2026	Emma	2	Canada Out	0		
Japan	Shot Opponent	03:34	03:39	03:58	Malmo SF 2026	Player 2	5	Goal Opponent	2	Amy	
Japan	Shot Canada	03:58	04:03	04:13	Malmo SF 2026	Emma	5	Opponent Save	1	Player 6	
Japan	Shot Opponent	04:09	04:14	04:24	Malmo SF 2026	Player 6	4	Canada Ball Control Save	1.5	Amy	
Japan	Shot Canada	04:20	04:25	04:32	Malmo SF 2026	Emma	4	Opponent Save	3	Player 5	
Japan	Shot Opponent	04:27	04:32	04:40	Malmo SF 2026	Player 2	5	Canada Save	2	Amy	
Japan	Shot Canada	04:38	04:43	04:51	Malmo SF 2026	Emma	4	Canada Out	0		
Japan	Shot Opponent	04:47	04:52	05:01	Malmo SF 2026	Player 6	1	Canada Ball Control Save	1	Amy	
Japan	Shot Canada	04:57	05:02	05:18	Malmo SF 2026	Meghan	1	Opponent Save	4	Player 2	
Japan	Shot Opponent	05:13	05:18	05:24	Malmo SF 2026	Player 2	4	Canada Ball Control Save	2	Meghan	
Japan	Shot Canada	05:20	05:25	05:31	Malmo SF 2026	Emma	4	Opponent Save	4	Player 2	
Japan	Shot Opponent	05:27	05:32	05:48	Malmo SF 2026	Player 6	5	Goal Opponent	2	Amy	
Japan	Shot Canada	05:48	05:53	06:05	Malmo SF 2026	Emma	5	Opponent Save	2	Player 6	
Japan	Shot Opponent	06:00	06:05	06:15	Malmo SF 2026	Player 2	5	Canada Ball Control Save	2	Meghan	
Japan	Shot Canada	06:11	06:16	06:22	Malmo SF 2026	Meghan	3	Opponent Save	2	Player 6	
Japan	Shot Opponent	06:18	06:23	06:32	Malmo SF 2026	Player 6	3	Canada Ball Control Save	2.5	Meghan	
Japan	Shot Canada	06:28	06:33	06:39	Malmo SF 2026	Emma	4	Opponent Save	5	Player 2	
Japan	Shot Opponent	06:35	06:40	06:53	Malmo SF 2026	Player 2	5	Canada Save	2	Amy	
Japan	Shot Canada	06:48	06:53	07:10	Malmo SF 2026	Emma	5	Canada Out	0		
Japan	Shot Opponent	07:07	07:12	07:19	Malmo SF 2026	Player 6	2	Canada Save	4	Emma	
Japan	Shot Canada	07:15	07:20	07:25	Malmo SF 2026	Amy	1	Opponent Save	4	Player 2	
Japan	Shot Opponent	07:19	07:24	07:30	Malmo SF 2026	Player 2	4	Canada Save	3	Meghan	
Japan	Shot Canada	07:26	07:31	07:44	Malmo SF 2026	Emma	5	Opponent Save	3	Player 5	
Japan	Shot Opponent	07:39	07:44	07:51	Malmo SF 2026	Player 6	2	Canada Ball Control Save	2	Amy	
Japan	Shot Canada	07:47	07:52	08:02	Malmo SF 2026	Meghan	3	Goal Canada	5	Player 2	
Japan	Shot Opponent	08:05	08:10	08:16	Malmo SF 2026	Player 6	2	Canada Save	4	Meghan	
Japan	Shot Canada	08:12	08:17	08:23	Malmo SF 2026	Emma	4	Opponent Save	4	Player 2	
Japan	Shot Opponent	08:18	08:23	08:31	Malmo SF 2026	Player 2	4	Canada Ball Control Save	3.5	Meghan	
Japan	Shot Canada	08:26	08:31	08:39	Malmo SF 2026	Amy	2	Opponent Save	2.5	Player 5	
Japan	Shot Opponent	08:34	08:39	08:44	Malmo SF 2026	Player 6	4	Canada Ball Control Save	1.5	Amy	
Japan	Shot Canada	08:41	08:46	08:54	Malmo SF 2026	Emma	2	Opponent Save	3.5	Player 5	
Japan	Shot Opponent	08:49	08:54	09:02	Malmo SF 2026	Player 2	5	Canada Ball Control Save	3	Meghan	
Japan	Shot Canada	08:57	09:02	09:10	Malmo SF 2026	Meghan	2	Opponent Save	2	Player 6	
Japan	Shot Opponent	09:06	09:11	09:17	Malmo SF 2026	Player 6	5	Canada Ball Control Save	1	Amy	
Japan	Shot Canada	09:15	09:20	09:27	Malmo SF 2026	Emma	2	Opponent Save	3.5	Player 5	
Japan	Shot Opponent	09:23	09:28	09:35	Malmo SF 2026	Player 5	3	Canada Ball Control Save	5	Emma	
Japan	Shot Canada	09:30	09:35	09:42	Malmo SF 2026	Emma	5	Opponent Save	1.5	Player 6	
Japan	Shot Opponent	09:37	09:42	09:51	Malmo SF 2026	Player 6	4	Canada Ball Control Save	2	Amy	
Japan	Shot Canada	09:47	09:52	09:59	Malmo SF 2026	Meghan	3	Opponent Save	1	Player 6	
Japan	Shot Opponent	09:54	09:59	10:09	Malmo SF 2026	Player 2	5	Opponent Out	0		
Japan	Shot Canada	10:06	10:11	10:21	Malmo SF 2026	Emma	2	Opponent Save	2	Player 5	
Japan	Shot Opponent	10:17	10:22	10:30	Malmo SF 2026	Player 6	2	Canada Ball Control Save	3.5	Meghan	
Japan	Shot Canada	10:26	10:31	10:40	Malmo SF 2026	Emma	4	Opponent Save	3	Player 5	
Japan	Shot Opponent	10:35	10:40	10:46	Malmo SF 2026	Player 2	4	Canada Ball Control Save	3	Meghan	
Japan	Shot Canada	10:41	10:46	10:57	Malmo SF 2026	Meghan	3	Opponent Save	4	Player 2	
Japan	Shot Opponent	11:41	11:46	11:54	Malmo SF 2026	Player 6	3	Canada Save	2	Amy	
Japan	Shot Canada	11:50	11:55	12:04	Malmo SF 2026	Emma	4	Opponent Save	2	Player 6	
Japan	Shot Opponent	11:59	12:04	12:13	Malmo SF 2026	Player 2	4	Canada Save	2	Amy	
Japan	Shot Canada	12:08	12:13	12:20	Malmo SF 2026	Meghan	3	Opponent Save	4.5	Player 2	
Japan	Shot Opponent	12:16	12:21	12:34	Malmo SF 2026	Player 6	4	Canada Ball Control Save	2	Amy	
Japan	Shot Canada	12:29	12:34	12:41	Malmo SF 2026	Amy	2	Opponent Save	2	Player 6	
Japan	Shot Opponent	12:37	12:42	12:50	Malmo SF 2026	Player 6	4	Canada Ball Control Save	2	Meghan	
Japan	Shot Canada	12:46	12:51	12:57	Malmo SF 2026	Emma	3	Opponent Save	3	Player 5	
Japan	Shot Opponent	12:52	12:57	13:05	Malmo SF 2026	Player 2	3	Canada Ball Control Save	3	Meghan	
Japan	Shot Canada	13:00	13:05	13:14	Malmo SF 2026	Meghan	4	Opponent Save	3	Player 5	
Japan	Shot Opponent	13:10	13:15	13:27	Malmo SF 2026	Player 6	1	Canada Ball Control Save	4.5	Emma	
Japan	Shot Canada	13:26	13:31	13:36	Malmo SF 2026	Emma	4	Opponent Save	3	Player 5	
Japan	Shot Opponent	13:32	13:37	13:42	Malmo SF 2026	Player 2	2	Canada Save	2	Amy	
Japan	Shot Canada	13:37	13:42	13:52	Malmo SF 2026	Meghan	3	Canada Out	6		
Japan	Shot Opponent	13:48	13:53	14:03	Malmo SF 2026	Player 6	4	Canada Ball Control Save	2.5	Meghan	
Japan	Shot Canada	13:58	14:03	14:11	Malmo SF 2026	Emma	3	Opponent Save	5	Player 2	
Japan	Shot Opponent	14:06	14:11	14:24	Malmo SF 2026	Player 2	5	Canada Ball Control Save	3	Meghan	
Japan	Shot Canada	14:20	14:25	14:30	Malmo SF 2026	Amy	2	Opponent Save	3	Player 5	
Japan	Shot Opponent	14:26	14:31	14:40	Malmo SF 2026	Player 6	3	Canada Ball Control Save	3.5	Meghan	
Japan	Shot Canada	14:36	14:41	14:51	Malmo SF 2026	Emma	4	Opponent Save	2.5	Player 5	
Japan	Shot Opponent	14:47	14:52	14:57	Malmo SF 2026	Player 6	1	Opponent Out	6		
Japan	Shot Canada	14:58	15:03	15:08	Malmo SF 2026	Emma	4	Opponent Save	3	Player 5	
Japan	Shot Opponent	15:04	15:09	15:23	Malmo SF 2026	Player 2	4	Opponent Out	6		
Japan	Shot Canada	15:19	15:24	15:30	Malmo SF 2026	Meghan	3	Canada Out	6		
Japan	Shot Opponent	15:27	15:32	15:50	Malmo SF 2026	Player 6	5	Canada Ball Control Save	2	Amy	
Japan	Shot Canada	15:46	15:51	15:56	Malmo SF 2026	Amy	2	Opponent Save	3	Player 5	
Japan	Shot Opponent	15:49	15:54	16:01	Malmo SF 2026	Player 2	4	Canada Ball Control Save	2	Amy	
Japan	Shot Canada	15:56	16:01	16:14	Malmo SF 2026	Emma	4	Goal Canada	4	Player 2	
Japan	Shot Opponent	16:16	16:21	16:27	Malmo SF 2026	Player 6	3	Opponent Out	0		
Japan	Shot Canada	17:15	17:20	17:25	Malmo SF 2026	Emma	3	Canada Out	0		
Japan	Shot Opponent	17:22	17:27	17:38	Malmo SF 2026	Player 6	2	Canada Save	2	Amy	
Japan	Shot Canada	17:33	17:38	17:46	Malmo SF 2026	Emma	5	Opponent Save	2	Player 6	
Japan	Shot Opponent	17:41	17:46	17:56	Malmo SF 2026	Player 2	4	Canada Ball Control Save	3	Meghan	
Japan	Shot Canada	17:51	17:56	18:03	Malmo SF 2026	Meghan	3	Opponent Save	1	Player 6	
Japan	Shot Opponent	17:59	18:04	18:12	Malmo SF 2026	Player 6	1	Canada Ball Control Save	4	Meghan	
Japan	Shot Canada	18:07	18:12	18:21	Malmo SF 2026	Emma	5	Opponent Save	1.5	Player 6	
Japan	Shot Opponent	18:17	18:22	18:32	Malmo SF 2026	Player 6	1	Canada Ball Control Save	2	Meghan	
Japan	Shot Canada	18:28	18:33	18:38	Malmo SF 2026	Amy	2	Opponent Save	3	Player 5	
Japan	Shot Opponent	18:34	18:39	18:48	Malmo SF 2026	Player 2	5	Canada Ball Control Save	2	Meghan	
Japan	Shot Canada	18:45	18:50	18:59	Malmo SF 2026	Emma	4	Opponent Save	3	Player 5	
Japan	T-END	19:03	19:03	19:03	Malmo SF 2026						
Japan	@@@P2	22:45	22:45	22:45	Malmo SF 2026						
Japan	T-START	22:45	22:45	22:45	Malmo SF 2026						
Japan	Shot Canada	24:24	24:29	24:38	Malmo SF 2026	Meghan	3	Opponent Save	5	Player 4	
Japan	Shot Opponent	24:33	24:38	24:44	Malmo SF 2026	Player 4	5	Canada Ball Control Save	1	Amy	
Japan	Shot Canada	24:40	24:45	24:52	Malmo SF 2026	Amy	1	Opponent Save	3.5	Player 5	
Japan	Shot Opponent	24:48	24:53	25:00	Malmo SF 2026	Player 6	3	Canada Save	2	Amy	
Japan	Shot Canada	24:56	25:01	25:09	Malmo SF 2026	Meghan	3	Opponent Save	4.5	Player 4	
Japan	Shot Opponent	25:05	25:10	25:17	Malmo SF 2026	Player 4	4	Canada Save	2	Amy	
Japan	Shot Canada	25:13	25:18	25:25	Malmo SF 2026	Emma	3	Opponent Save	3	Player 5	
Japan	Shot Opponent	25:20	25:25	25:33	Malmo SF 2026	Player 6	2	Canada Ball Control Save	2.5	Meghan	
Japan	Shot Canada	25:29	25:34	25:42	Malmo SF 2026	Emma	4	Opponent Save	4	Player 5	
Japan	Shot Opponent	25:38	25:43	25:48	Malmo SF 2026	Player 4	5	Canada Ball Control Save	2	Amy	
Japan	Shot Canada	25:43	25:48	25:55	Malmo SF 2026	Amy	2	Opponent Save	3.5	Player 5	
Japan	Shot Opponent	25:51	25:56	26:07	Malmo SF 2026	Player 4	5	Canada Save	3	Meghan	
Japan	Shot Canada	26:02	26:07	26:12	Malmo SF 2026	Emma	5	Opponent Save	2	Player 6	
Japan	Shot Opponent	26:08	26:13	26:21	Malmo SF 2026	Player 6	2	Canada Ball Control Save	1	Amy	
Japan	Shot Canada	26:19	26:24	26:37	Malmo SF 2026	Meghan	2	Opponent Save	2	Player 6	
Japan	Shot Opponent	26:33	26:38	26:45	Malmo SF 2026	Player 4	4	Canada Ball Control Save	3	Meghan	
Japan	Shot Canada	26:40	26:45	26:53	Malmo SF 2026	Emma	4	Opponent Save	4.5	Player 4	
Japan	Shot Opponent	26:49	26:54	26:59	Malmo SF 2026	Player 4	4	Canada Save	4	Emma	
Japan	Shot Canada	26:54	26:59	27:04	Malmo SF 2026	Meghan	3	Canada Out	6		
Japan	Shot Opponent	27:00	27:05	27:19	Malmo SF 2026	Player 6	2	Canada Save	2.5	Meghan	
Japan	Shot Canada	27:15	27:20	27:28	Malmo SF 2026	Emma	3	Opponent Save	5	Player 4	
Japan	Shot Opponent	27:24	27:29	27:41	Malmo SF 2026	Player 4	5	Canada Ball Control Save	2	Meghan	
Japan	Shot Canada	27:37	27:42	27:51	Malmo SF 2026	Meghan	3	Opponent Save	2	Player 6	
Japan	Shot Opponent	27:47	27:52	28:03	Malmo SF 2026	Player 6	1	Canada Ball Control Save	5	Emma	
Japan	Shot Canada	27:59	28:04	28:11	Malmo SF 2026	Emma	5	Opponent Save	2	Player 5	
Japan	Shot Opponent	28:07	28:12	28:21	Malmo SF 2026	Player 6	4	Canada Ball Control Save	2	Amy	
Japan	Shot Canada	28:16	28:21	28:28	Malmo SF 2026	Amy	1	Opponent Save	2.5	Player 5	
Japan	Shot Opponent	28:24	28:29	28:36	Malmo SF 2026	Player 4	4	Canada Ball Control Save	4	Emma	
Japan	Shot Canada	28:32	28:37	28:45	Malmo SF 2026	Emma	4	Opponent Save	3	Player 5	
Japan	Shot Opponent	28:40	28:45	28:55	Malmo SF 2026	Player 6	2	Canada Save	3.5	Meghan	
Japan	Shot Canada	28:51	28:56	29:07	Malmo SF 2026	Emma	5	Opponent Save	2	Player 6	
Japan	Shot Opponent	29:03	29:08	29:16	Malmo SF 2026	Player 4	4	Canada Ball Control Save	3.5	Meghan	
Japan	Shot Canada	29:12	29:17	29:24	Malmo SF 2026	Meghan	4	Opponent Save	2	Player 6	
Japan	Shot Opponent	30:15	30:20	30:25	Malmo SF 2026	Player 6	4	Canada Ball Control Save	Amy		
Japan	Shot Canada	30:21	30:26	30:32	Malmo SF 2026	Emma	4	Opponent Save	3	Player 5	
Japan	Shot Opponent	30:28	30:33	30:41	Malmo SF 2026	Player 4	5	Long Ball			
Japan	Penalty Shot Canada	30:50	30:55	31:09	Malmo SF 2026	Meghan	3	Opponent Save	4.5	Player 4	
Japan	Shot Opponent	31:12	31:17	31:23	Malmo SF 2026	Player 6	4	Canada Save	2	Amy	
Japan	Shot Canada	31:19	31:24	31:36	Malmo SF 2026	Emma	1	Opponent Save	2	Player 6	
Japan	Shot Opponent	31:32	31:37	31:50	Malmo SF 2026	Player 4	2	Canada Save	2	Amy	
Japan	Shot Canada	31:45	31:50	32:02	Malmo SF 2026	Meghan	2	Opponent Save	3	Player 5	
Japan	Shot Opponent	31:58	32:03	32:13	Malmo SF 2026	Player 6	4	Canada Ball Control Save	2	Amy	
Japan	Shot Canada	32:11	32:16	32:26	Malmo SF 2026	Emma	4	Canada Out	6		
Japan	Shot Opponent	32:23	32:28	32:39	Malmo SF 2026	Player 6	4	Canada Save	2	Amy	
Japan	Shot Canada	32:35	32:40	32:51	Malmo SF 2026	Emma	3	Opponent Save	4.5	Player 4	
Japan	Shot Opponent	32:47	32:52	32:57	Malmo SF 2026	Player 4	5	Canada Save	2	Amy	
Japan	Shot Canada	32:53	32:58	33:05	Malmo SF 2026	Emma	4	Opponent Save	3	Player 5	
Japan	Shot Opponent	33:01	33:06	33:15	Malmo SF 2026	Player 6	5	Canada Ball Control Save	2	Amy	
Japan	Shot Canada	33:11	33:16	33:25	Malmo SF 2026	Meghan	3	Opponent Save	4	Player 5	
Japan	Shot Opponent	33:21	33:26	33:33	Malmo SF 2026	Player 4	2	Opponent Out	6		
Japan	Shot Canada	33:29	33:34	33:44	Malmo SF 2026	Emma	4	Opponent Save	4	Player 4	
Japan	Shot Opponent	33:39	33:44	33:52	Malmo SF 2026	Player 6	2	Canada Ball Control Save	2	Amy	
Japan	Shot Canada	33:48	33:53	34:01	Malmo SF 2026	Meghan	3	Opponent Save	1.5	Player 6	
Japan	Shot Opponent	33:57	34:02	34:09	Malmo SF 2026	Player 6	3	Canada Ball Control Save	1	Amy	
Japan	Shot Canada	34:04	34:09	34:20	Malmo SF 2026	Emma	4	Opponent Save	2.5	Player 5	
Japan	Shot Opponent	34:16	34:21	34:30	Malmo SF 2026	Player 4	3	Canada Ball Control Save	4	Emma	
Japan	Shot Canada	34:26	34:31	34:39	Malmo SF 2026	Emma	4	Opponent Save	4	Player 5	
Japan	Shot Opponent	35:08	35:13	35:21	Malmo SF 2026	Player 8	2	Canada Ball Control Save	1	Amy	
Japan	Shot Canada	35:17	35:22	35:35	Malmo SF 2026	Emma	2	Opponent Save	2	Player 8	
Japan	Shot Opponent	35:30	35:35	35:45	Malmo SF 2026	Player 8	2	Goal Opponent	1.5	Amy	
Japan	Shot Canada	35:48	35:53	36:07	Malmo SF 2026	Meghan	2	Opponent Save	1.5	Player 8	
Japan	Shot Opponent	36:03	36:08	36:13	Malmo SF 2026	Player 4	3	Canada Ball Control Save	3	Meghan	
Japan	Shot Canada	36:08	36:13	36:19	Malmo SF 2026	Emma	4	Opponent Save	4	Player 4	
Japan	Shot Opponent	36:14	36:19	36:29	Malmo SF 2026	Player 4	4	Canada Ball Control Save	3	Meghan	
Japan	Shot Canada	36:24	36:29	36:39	Malmo SF 2026	Emma	4	Opponent Save	2	Player 5	
Japan	Shot Opponent	36:35	36:40	36:52	Malmo SF 2026	Player 8	4	Canada Ball Control Save	2	Amy	
Japan	Shot Canada	37:13	37:18	37:28	Malmo SF 2026	Emma	2	Opponent Save	1	Player 8	
Japan	Shot Opponent	37:24	37:29	37:34	Malmo SF 2026	Player 8	1	Canada Ball Control Save	3	Meghan	
Japan	Shot Canada	37:30	37:35	37:42	Malmo SF 2026	Meghan	3	Opponent Save	1	Player 8	
Japan	Shot Opponent	37:38	37:43	37:52	Malmo SF 2026	Player 4	5	Canada Ball Control Save	4.5	Emma	
Japan	Shot Canada	37:48	37:53	38:05	Malmo SF 2026	Emma	4	Opponent Save	2.5	Player 5	
Japan	Shot Opponent	38:01	38:06	38:14	Malmo SF 2026	Player 8	3	Canada Ball Control Save	3	Meghan	
Japan	Shot Canada	38:58	39:03	39:13	Malmo SF 2026	Emma	5	Opponent Save	2	Player 8	
Japan	Shot Opponent	39:09	39:14	39:21	Malmo SF 2026	Player 8	1	Canada Save	3.5	Meghan	
Japan	Shot Canada	39:16	39:21	39:28	Malmo SF 2026	Emma	4	Opponent Save	3	Player 5	
Japan	Shot Opponent	39:24	39:29	39:37	Malmo SF 2026	Player 4	4	Canada Ball Control Save	2	Meghan	
Japan	Shot Canada	39:33	39:38	39:48	Malmo SF 2026	Meghan	3	Opponent Save	5	Player 4	
Japan	Shot Opponent	39:44	39:49	39:58	Malmo SF 2026	Player 8	2	Canada Save	4	Emma	
Japan	Shot Canada	39:54	39:59	40:07	Malmo SF 2026	Emma	3	Opponent Save	4.5	Player 4	
Japan	Shot Opponent	40:03	40:08	40:15	Malmo SF 2026	Player 4	5	Canada Ball Control Save	1	Amy	
Japan	Shot Canada	40:11	40:16	40:29	Malmo SF 2026	Meghan	4	Opponent Save	4	Player 4	
Japan	Shot Opponent	40:26	40:31	40:39	Malmo SF 2026	Player 4	5	Canada Ball Control Save	2	Meghan	
Japan	Shot Canada	40:35	40:40	40:50	Malmo SF 2026	Emma	2	Opponent Save	3	Player 5	
Japan	Shot Opponent	40:46	40:51	40:58	Malmo SF 2026	Player 8	5	Long Ball			
Japan	Penalty Shot Canada	41:09	41:14	41:26	Malmo SF 2026	Emma	3	Goal Canada	5	Player 4	
Japan	Shot Opponent	42:16	42:21	42:30	Malmo SF 2026	Player 4	4	Canada Ball Control Save	3.5	Meghan	
Japan	Shot Canada	42:26	42:31	42:43	Malmo SF 2026	Emma	4	Goal Canada	2	Player 5	
Japan	Shot Opponent	42:38	42:43	42:54	Malmo SF 2026	Player 4	3	Canada Save	4	Emma	
Japan	Shot Canada	42:51	42:56	43:02	Malmo SF 2026	Emma	4	Opponent Save	3	Player 5	
Japan	Shot Opponent	42:58	43:03	43:10	Malmo SF 2026	Player 8	2	Canada Ball Control Save	1	Amy	
Japan	Shot Canada	43:08	43:13	43:22	Malmo SF 2026	Meghan	2	Opponent Save	2	Player 8	
Japan	Shot Opponent	43:18	43:23	43:29	Malmo SF 2026	Player 8	2	Canada Save	2	Amy	
Japan	Shot Canada	43:24	43:29	43:35	Malmo SF 2026	Amy	1	Opponent Save	2.5	Player 5	
Japan	Shot Opponent	44:21	44:26	44:36	Malmo SF 2026	Player 8	5	Canada Ball Control Save	3	Meghan	
Japan	Shot Canada	44:31	44:36	44:42	Malmo SF 2026	Emma	4	Opponent Save	3	Player 5	
Japan	T-END	44:53	44:53	44:53	Malmo SF 2026						
Korea	@@@P1	00:00	00:00	00:00	Malmo QF 2026						
Korea	T-START	00:00	00:00	00:00	Malmo QF 2026						
Korea	Shot Opponent	14:44	14:49	15:07	Malmo QF 2026	Player 12	2	Goal Opponent	4.5	Emma	
Korea	Shot Canada	15:08	15:13	15:24	Malmo QF 2026	Emma	4	Opponent Save	2	Player 1	
Korea	Shot Opponent	15:19	15:24	15:31	Malmo QF 2026	Player 6	3	Canada Ball Control Save	3.5	Meghan	
Korea	Shot Canada	15:27	15:32	15:38	Malmo QF 2026	Meghan	3	Opponent Save	3	Player 1	
Korea	Shot Opponent	15:33	15:38	15:49	Malmo QF 2026	Player 12	2	Opponent Out	6		
Korea	Shot Canada	15:45	15:50	16:02	Malmo QF 2026	Emma	4	Opponent Save	4	Player 6	
Korea	Shot Opponent	15:58	16:03	16:09	Malmo QF 2026	Player 6	4	Canada Save	4	Emma	
Korea	Shot Canada	16:05	16:10	16:18	Malmo QF 2026	Emma	5	Opponent Save	2.5	Player 1	Ball Over
Korea	Shot Canada	16:15	16:20	16:37	Malmo QF 2026	Emma	5	Opponent Save	1	Player 12	
Korea	Shot Opponent	16:34	16:39	16:50	Malmo QF 2026	Player 12	2	Canada Ball Control Save	4.5	Emma	
Korea	Shot Canada	16:46	16:51	17:03	Malmo QF 2026	Meghan	4	Opponent Save	2	Player 12	
Korea	Shot Opponent	16:59	17:04	17:10	Malmo QF 2026	Player 6	4	Canada Save	3.5	Meghan	
Korea	Shot Canada	17:06	17:11	17:20	Malmo QF 2026	Amy	2	Opponent Save	1	Player 12	
Korea	Shot Opponent	17:16	17:21	17:36	Malmo QF 2026	Player 12	2	Canada Ball Control Save	4.5	Emma	
Korea	Shot Canada	17:39	17:44	17:49	Malmo QF 2026	Emma	5	Opponent Save	1.5	Player 12	
Korea	Shot Opponent	17:43	17:48	18:07	Malmo QF 2026	Player 6	2	Canada Ball Control Save	2.5	Meghan	
Korea	Shot Canada	18:02	18:07	18:12	Malmo QF 2026	Amy	2	Opponent Save	3	Player 1	
Korea	Shot Opponent	18:07	18:12	18:18	Malmo QF 2026	Player 1	3	Canada Ball Control Save	4	Emma	
Korea	Shot Canada	18:14	18:19	18:24	Malmo QF 2026	Emma	4	Opponent Save	3	Player 1	
Korea	Shot Opponent	18:20	18:25	18:34	Malmo QF 2026	Player 6	4	Canada Ball Control Save	4	Emma	
Korea	Shot Canada	18:29	18:34	18:41	Malmo QF 2026	Emma	4	Opponent Save	2	Player 1	
Korea	Shot Opponent	18:36	18:41	19:00	Malmo QF 2026	Player 12	2	Canada Save	2.5	Meghan	
Korea	Shot Canada	18:56	19:01	19:16	Malmo QF 2026	Meghan	2	Opponent Save	3.5	Player 1	
Korea	Shot Opponent	19:12	19:17	19:32	Malmo QF 2026	Player 6	5	Canada Save	2	Amy	
Korea	Shot Canada	19:28	19:33	19:40	Malmo QF 2026	Emma	3	Opponent Save	4	Player 6	
Korea	Shot Opponent	19:36	19:41	19:50	Malmo QF 2026	Player 12	2	Canada Save	2	Amy	
Korea	Shot Canada	19:45	19:50	19:59	Malmo QF 2026	Emma	5	Opponent Save	1.5	Player 12	
Korea	Shot Opponent	19:54	19:59	20:06	Malmo QF 2026	Player 12	1	Canada Ball Control Save	3	Meghan	
Korea	Shot Canada	20:02	20:07	20:15	Malmo QF 2026	Meghan	4	Opponent Save	3	Player 1	
Korea	Shot Opponent	20:10	20:15	20:24	Malmo QF 2026	Player 6	2	Canada Ball Control Save	5	Emma	
Korea	Shot Canada	20:20	20:25	20:31	Malmo QF 2026	Emma	5	Opponent Save	1	Player 12	
Korea	Shot Opponent	20:27	20:32	20:39	Malmo QF 2026	Player 12	1	Canada Save	3	Meghan	
Korea	Shot Canada	20:37	20:42	20:54	Malmo QF 2026	Amy	1	Opponent Save	3	Player 1	
Korea	Shot Opponent	20:50	20:55	21:05	Malmo QF 2026	Player 12	2	Canada Ball Control Save	1.5	Amy	
Korea	Shot Canada	21:02	21:07	21:17	Malmo QF 2026	Emma	2	Opponent Save	3	Player 1	
Korea	Shot Opponent	21:13	21:18	21:24	Malmo QF 2026	Player 6	5	Canada Ball Control Save	1.5	Amy	
Korea	Shot Canada	21:20	21:25	21:32	Malmo QF 2026	Amy	2	Opponent Save	2	Player 12	
Korea	Shot Opponent	21:28	21:33	21:41	Malmo QF 2026	Player 12	2	Canada Save	2	Amy	
Korea	Shot Canada	21:37	21:42	22:00	Malmo QF 2026	Meghan	2	Opponent Save	4	Player 6	
Korea	Shot Opponent	21:57	22:02	22:07	Malmo QF 2026	Player 6	5	Canada Ball Control Save	1	Amy	
Korea	Shot Canada	22:02	22:07	22:15	Malmo QF 2026	Emma	1	Opponent Save	4	Player 1	
Korea	Shot Opponent	22:10	22:15	22:22	Malmo QF 2026	Player 12	2	Canada Ball Control Save	2	Amy	
Korea	Shot Canada	22:17	22:22	22:29	Malmo QF 2026	Amy	2	Canada Out	0		
Korea	Shot Opponent	22:28	22:33	22:40	Malmo QF 2026	Player 12	1	Opponent Out	6		
Korea	Shot Canada	22:39	22:44	22:56	Malmo QF 2026	Emma	5	Opponent Save	2	Player 12	
Korea	Shot Opponent	22:52	22:57	23:06	Malmo QF 2026	Player 6	4	Canada Ball Control Save	3	Meghan	
Korea	Shot Canada	23:02	23:07	23:19	Malmo QF 2026	Meghan	4	Goal Canada	2	Player 1	
Korea	Shot Opponent	23:19	23:24	23:36	Malmo QF 2026	Player 6	2	Canada Ball Control Save	1	Amy	
Korea	Shot Canada	23:32	23:37	23:48	Malmo QF 2026	Emma	1	Opponent Save	4	Player 1	
Korea	Shot Opponent	23:43	23:48	23:55	Malmo QF 2026	Player 6	5	Canada Ball Control Save	1	Amy	
Korea	Shot Canada	23:51	23:56	24:10	Malmo QF 2026	Meghan	2	Opponent Save	3.5	Player 1	
Korea	Shot Opponent	24:06	24:11	24:18	Malmo QF 2026	Player 12	2	Canada Ball Control Save	4.5	Emma	
Korea	Shot Canada	24:14	24:19	24:25	Malmo QF 2026	Emma	5	Opponent Save	1	Player 12	
Korea	Shot Opponent	24:21	24:26	24:33	Malmo QF 2026	Player 12	2	Canada Ball Control Save	5	Emma	
Korea	Shot Canada	24:29	24:34	24:45	Malmo QF 2026	Emma	5	Opponent Save	2	Player 12	
Korea	Shot Opponent	24:41	24:46	24:54	Malmo QF 2026	Player 6	3	Canada Ball Control Save	1	Amy	
Korea	Shot Canada	24:49	24:54	25:06	Malmo QF 2026	Amy	2	Opponent Save	2	Player 1	
Korea	Shot Opponent	25:05	25:10	25:19	Malmo QF 2026	Player 12	1	Canada Ball Control Save	2	Meghan	
Korea	Shot Canada	25:14	25:19	25:27	Malmo QF 2026	Meghan	3	Opponent Save	1	Player 12	
Korea	Shot Opponent	26:05	26:10	26:23	Malmo QF 2026	Player 6	5	Canada Save	2	Amy	
Korea	Shot Canada	26:19	26:24	26:35	Malmo QF 2026	Emma	1	Opponent Save	3.5	Player 1	
Korea	Shot Opponent	26:30	26:35	26:45	Malmo QF 2026	Player 12	1	Canada Save	2	Amy	
Korea	Shot Canada	26:41	26:46	26:58	Malmo QF 2026	Amy	1	Canada Out	0		
Korea	Shot Opponent	26:57	27:02	27:13	Malmo QF 2026	Player 6	5	Goal Opponent	2	Amy	
Korea	Shot Canada	27:19	27:24	27:33	Malmo QF 2026	Emma	5	Opponent Save	1	Player 12	
Korea	Shot Opponent	27:29	27:34	27:44	Malmo QF 2026	Player 12	2	Canada Save	1	Amy	
Korea	Shot Canada	27:40	27:45	27:57	Malmo QF 2026	Meghan	4	Opponent Save	3	Player 1	
Korea	Shot Opponent	27:53	27:58	28:11	Malmo QF 2026	Player 6	5	High Ball			
Korea	Penalty Shot Canada	28:18	28:23	28:38	Malmo QF 2026	Meghan	4	Goal Canada	5	Player 6	
Korea	Shot Opponent	28:38	28:43	29:38	Malmo QF 2026	Player 6	5	Canada Ball Control Save	3	Meghan	
Korea	Shot Canada	29:34	29:39	29:47	Malmo QF 2026	Emma	4	Opponent Save	1.5	Player 19	
Korea	Shot Opponent	29:43	29:48	29:53	Malmo QF 2026	Player 19	2	Canada Ball Control Save	2	Amy	
Korea	Shot Canada	29:48	29:53	29:59	Malmo QF 2026	Amy	2	Opponent Save	1.5	Player 19	
Korea	Shot Opponent	29:55	30:00	30:08	Malmo QF 2026	Player 19	2	Canada Ball Control Save	2.5	Meghan	
Korea	Shot Canada	30:04	30:09	30:16	Malmo QF 2026	Meghan	4	Opponent Save	1.5	Player 19	
Korea	Shot Opponent	30:12	30:17	30:24	Malmo QF 2026	Player 19	4	Canada Save	3.5	Meghan	
Korea	Shot Canada	30:19	30:24	30:35	Malmo QF 2026	Emma	4	Goal Canada	2	Player 19	
Korea	Shot Opponent	30:38	30:43	30:54	Malmo QF 2026	Player 6	4	Canada Ball Control Save	1	Amy	
Korea	Shot Canada	30:49	30:54	31:00	Malmo QF 2026	Amy	1	High Ball			
Korea	Penalty Shot Opponent	31:12	31:17	31:32	Malmo QF 2026	Player 19	3	Canada Ball Control Save	2	Amy	
Korea	Shot Canada	31:30	31:35	31:45	Malmo QF 2026	Emma	1	Opponent Save	1	Player 19	
Korea	Shot Opponent	31:41	31:46	31:59	Malmo QF 2026	Player 19	2	Canada Ball Control Save	3	Meghan	
Korea	Shot Canada	31:54	31:59	32:06	Malmo QF 2026	Meghan	3	Opponent Save	2	Player 1	
Korea	Shot Opponent	32:01	32:06	32:24	Malmo QF 2026	Player 6	5	Canada Ball Control Save	4.5	Emma	
Korea	Shot Canada	32:20	32:25	32:32	Malmo QF 2026	Emma	5	Canada Out	0		
Korea	Shot Opponent	32:33	32:38	32:47	Malmo QF 2026	Player 19	1	Canada Ball Control Save	4	Emma	
Korea	Shot Canada	32:43	32:48	32:56	Malmo QF 2026	Emma	4	Opponent Save	1	Player 19	
Korea	Shot Opponent	32:51	32:56	33:08	Malmo QF 2026	Player 19	1	Canada Save	3.5	Meghan	
Korea	Shot Canada	33:04	33:09	33:18	Malmo QF 2026	Emma	4	Opponent Save	1	Player 19	
Korea	Shot Opponent	33:13	33:18	33:33	Malmo QF 2026	Player 6	5	Canada Ball Control Save	2	Amy	
Korea	Shot Canada	33:28	33:33	33:40	Malmo QF 2026	Amy	2	Opponent Save	1	Player 19	
Korea	Shot Opponent	33:36	33:41	33:48	Malmo QF 2026	Player 19	2	Canada Ball Control Save	2	Amy	
Korea	Shot Canada	33:44	33:49	33:56	Malmo QF 2026	Meghan	3	Opponent Save	2	Player 19	
Korea	Shot Opponent	33:52	33:57	34:04	Malmo QF 2026	Player 19	2	Canada Ball Control Save	2	Amy	
Korea	Shot Canada	34:00	34:05	34:13	Malmo QF 2026	Emma	4	Opponent Save	1	Player 19	
Korea	Shot Opponent	34:09	34:14	34:28	Malmo QF 2026	Player 6	4	Canada Save	2	Amy	
Korea	Shot Canada	34:24	34:29	34:34	Malmo QF 2026	Emma	4	Opponent Save	1.5	Player 19	
Korea	Shot Opponent	34:30	34:35	34:51	Malmo QF 2026	Player 19	2	Canada Ball Control Save	2.5	Meghan	
Korea	Shot Canada	34:46	34:51	34:59	Malmo QF 2026	Meghan	2	Opponent Save	3.5	Player 1	
Korea	Shot Opponent	34:54	34:59	35:07	Malmo QF 2026	Player 6	4	Canada Ball Control Save	1	Amy	
Korea	Shot Canada	35:55	36:00	36:09	Malmo QF 2026	Emma	5	Opponent Save	1	Player 19	
Korea	Shot Opponent	36:11	36:16	36:26	Malmo QF 2026	Player 19	1	Canada Save	4	Emma	
Korea	Shot Canada	36:21	36:26	36:34	Malmo QF 2026	Emma	4	Opponent Save	2	Player 19	
Korea	Shot Opponent	36:30	36:35	36:42	Malmo QF 2026	Player 19	1	Canada Ball Control Save	2	Amy	
Korea	Shot Canada	36:38	36:43	36:51	Malmo QF 2026	Emma	1	Opponent Save	3.5	Player 1	
Korea	Shot Opponent	36:46	36:51	36:57	Malmo QF 2026	Player 1	3	Canada Ball Control Save	3.5	Meghan	
Korea	Shot Canada	36:52	36:57	37:03	Malmo QF 2026	Emma	4	Opponent Save	3	Player 1	
Korea	T-END	42:53	42:53	42:53	Malmo QF 2026						
Korea	@@@P2	42:55	42:55	42:55	Malmo QF 2026						
Korea	T-START	42:55	42:55	42:55	Malmo QF 2026						
Korea	Shot Canada	42:52	42:57	43:11	Malmo QF 2026	Meghan	3	Goal Canada	4	Player 1	
Korea	Shot Opponent	43:16	43:21	43:26	Malmo QF 2026						
Korea	Shot Canada	43:21	43:26	43:32	Malmo QF 2026	Emma	5	Opponent Save	2.5	Player 1	
Korea	Shot Opponent	43:27	43:32	43:47	Malmo QF 2026	Player 19	1	Canada Ball Control Save	4	Emma	
Korea	Shot Canada	43:42	43:47	43:52	Malmo QF 2026	Emma	5	Opponent Save	2	Player 1	
Korea	Shot Opponent	43:47	43:52	44:04	Malmo QF 2026	Player 6	5	Canada Save	Amy		
Korea	Shot Canada	44:07	44:12	44:20	Malmo QF 2026	Emma	1	Opponent Save	4	Player 6	
Korea	Shot Opponent	44:15	44:20	44:25	Malmo QF 2026	Player 6	4	Canada Ball Control Save	3	Meghan	
Korea	Shot Canada	44:21	44:26	44:36	Malmo QF 2026	Meghan	3	Opponent Save	2	Player 19	
Korea	Shot Opponent	44:31	44:36	44:46	Malmo QF 2026	Player 19	2	Goal Opponent	4.5	Emma	
Korea	Shot Canada	44:52	44:57	45:03	Malmo QF 2026	Emma	5	Opponent Save	2	Player 19	
Korea	Shot Opponent	44:58	45:03	45:11	Malmo QF 2026	Player 19	2	Canada Ball Control Save	3.5	Meghan	
Korea	Shot Canada	45:06	45:11	45:16	Malmo QF 2026	Meghan	3	Opponent Save	2.5	Player 1	
Korea	Shot Opponent	45:11	45:16	45:22	Malmo QF 2026	Player 6	5	Opponent Out	0		
Korea	Shot Canada	45:28	45:33	45:43	Malmo QF 2026	Amy	1	Opponent Save	2	Player 19	Ball Over
Korea	Shot Canada	45:38	45:43	45:53	Malmo QF 2026	Emma	5	Opponent Save	1.5	Player 19	
Korea	Shot Opponent	45:54	45:59	46:10	Malmo QF 2026	Player 19	1	Opponent Out	6		
Korea	Shot Canada	46:08	46:13	46:24	Malmo QF 2026	Meghan	5	Opponent Save	2	Player 19	
Korea	Shot Opponent	46:20	46:25	46:33	Malmo QF 2026	Player 19	2	Canada Save	1.5	Amy	
Korea	Shot Canada	46:36	46:41	46:46	Malmo QF 2026	Amy	1	Opponent Save	2	Player 19	
Korea	Shot Opponent	46:41	46:46	46:53	Malmo QF 2026	Player 19	2	Canada Save	4	Meghan	
Korea	Shot Canada	46:49	46:54	47:00	Malmo QF 2026	Emma	4	Opponent Save	3	Player 1	
Korea	Shot Opponent	46:56	47:01	47:10	Malmo QF 2026	Player 6	5	Canada Ball Control Save	2	Amy	
Korea	Shot Canada	47:07	47:12	47:19	Malmo QF 2026	Amy	2	Opponent Save	2	Player 1	
Korea	Shot Opponent	47:15	47:20	47:25	Malmo QF 2026	Player 19	4	Canada Save	4	Emma	
Korea	Shot Canada	47:20	47:25	47:33	Malmo QF 2026	Emma	4	Opponent Save	2	Player 19	
Korea	Shot Opponent	47:30	47:35	47:43	Malmo QF 2026	Player 1	3	Canada Ball Control Save	1.5	Amy	
Korea	Shot Canada	47:38	47:43	47:55	Malmo QF 2026	Meghan	3	Opponent Save	4	Player 6	
Korea	Shot Opponent	47:51	47:56	48:03	Malmo QF 2026	Player 6	5	Canada Save	2	Amy	
Korea	Shot Canada	47:59	48:04	48:12	Malmo QF 2026	Emma	3	Canada Out	6		
Korea	Shot Opponent	49:31	49:36	49:44	Malmo QF 2026	Player 12	2	Canada Ball Control Save	1.5	Amy	
Korea	Shot Canada	49:39	49:44	49:50	Malmo QF 2026	Amy	2	Opponent Save	2	Player 1	
Korea	Shot Opponent	49:46	49:51	50:06	Malmo QF 2026	Player 6	5	Goal Opponent	1.5	Amy	
Korea	Shot Canada	50:09	50:14	50:22	Malmo QF 2026	Emma	2	Opponent Save	4	Player 6	
Korea	Shot Opponent	50:18	50:23	50:32	Malmo QF 2026	Player 6	5	Canada Ball Control Save	2	Meghan	
Korea	Shot Canada	50:28	50:33	50:40	Malmo QF 2026	Meghan	4	Opponent Save	2	Player 1	
Korea	Shot Opponent	50:36	50:41	50:47	Malmo QF 2026	Player 12	4	Canada Ball Control Save	2	Amy	
Korea	Shot Canada	50:42	50:47	51:03	Malmo QF 2026	Emma	2	Goal Canada	3	Player 1	
Korea	Shot Opponent	51:04	51:09	51:17	Malmo QF 2026	Player 6	5	Canada Ball Control Save	1	Amy	
Korea	Shot Canada	51:14	51:19	51:30	Malmo QF 2026	Emma	1	Opponent Save	3	Player 1	
Korea	Shot Opponent	51:25	51:30	51:37	Malmo QF 2026	Player 12	2	Canada Ball Control Save	3	Meghan	
Korea	Shot Canada	51:32	51:37	51:47	Malmo QF 2026	Meghan	3	Opponent Save	4	Player 6	
Korea	Shot Opponent	51:43	51:48	51:53	Malmo QF 2026	Player 6	4	Canada Ball Control Save	2	Meghan	
Korea	Shot Canada	51:47	51:52	51:58	Malmo QF 2026	Amy	2	Opponent Save	2	Player 12	
Korea	Shot Opponent	51:54	51:59	52:04	Malmo QF 2026	Player 12	2	Canada Ball Control Save	3	Meghan	
Korea	Shot Canada	51:59	52:04	52:14	Malmo QF 2026	Emma	4	Goal Canada	2	Player 12	
Korea	Shot Opponent	52:20	52:25	52:37	Malmo QF 2026	Player 12	2	Canada Ball Control Save	3	Meghan	
Korea	Shot Canada	52:32	52:37	52:45	Malmo QF 2026	Emma	3	Opponent Save	3	Player 1	
Korea	Shot Opponent	52:40	52:45	52:55	Malmo QF 2026	Player 6	5	Canada Save	2	Amy	
Korea	Shot Canada	52:50	52:55	53:03	Malmo QF 2026	Meghan	3	Opponent Save	1	Player 12	
Korea	Shot Opponent	53:02	53:07	53:14	Malmo QF 2026	Player 12	2	High Ball			
Korea	Penalty Shot Canada	53:19	53:24	53:42	Malmo QF 2026	Meghan	3	Goal Canada	4	Player 12	
Korea	Shot Opponent	54:30	54:35	54:44	Malmo QF 2026	Player 6	5	Canada Save	2	Amy	
Korea	Shot Canada	54:39	54:44	54:53	Malmo QF 2026	Meghan	3	Opponent Save	2	Player 12	
Korea	Shot Opponent	54:48	54:53	55:03	Malmo QF 2026	Player 12	2	Canada Save	2	Amy	
Korea	Shot Canada	54:58	55:03	55:14	Malmo QF 2026	Amy	2	Opponent Save	3	Player 1	
Korea	Shot Opponent	55:25	55:30	55:55	Malmo QF 2026	Player 6	5	Canada Save	2	Amy	
Korea	Shot Canada	55:50	55:55	56:03	Malmo QF 2026	Amy	2	Opponent Save	1.5	Player 12	
Korea	Shot Opponent	55:58	56:03	56:10	Malmo QF 2026	Player 12	2	Canada Ball Control Save	1.5	Amy	
Korea	Shot Canada	56:06	56:11	56:17	Malmo QF 2026	Emma	2	Opponent Save	2	Player 1	
Korea	Shot Opponent	56:12	56:17	56:27	Malmo QF 2026	Player 6	5	Long Ball			
Korea	Penalty Shot Canada	56:39	56:44	56:54	Malmo QF 2026	Emma	3	Goal Canada	3	Player 6	
Korea	Shot Opponent	56:55	57:00	57:10	Malmo QF 2026	Player 12	2	Canada Ball Control Save	3	Meghan	
Korea	Shot Canada	57:06	57:11	57:18	Malmo QF 2026	Meghan	4	Opponent Save	2	Player 12	
Korea	Shot Opponent	57:14	57:19	57:28	Malmo QF 2026	Player 6	5	Canada Ball Control Save	5	Emma	
Korea	Shot Canada	57:23	57:28	57:43	Malmo QF 2026	Emma	5	Opponent Save	1.5	Player 12	
Korea	Shot Opponent	57:39	57:44	57:51	Malmo QF 2026	Player 12	2	Canada Ball Control Save	4	Emma	
Korea	Shot Canada	57:47	57:52	57:57	Malmo QF 2026	Emma	4	Opponent Save	3	Player 1	
Korea	Shot Opponent	57:50	57:55	58:04	Malmo QF 2026	Player 6	4	Canada Save	2	Amy	
Korea	Shot Canada	58:00	58:05	58:12	Malmo QF 2026	Amy	2	Opponent Save	2.5	Player 1	
Korea	Shot Opponent	58:07	58:12	58:24	Malmo QF 2026	Player 12	2	Canada Save	1.5	Amy	
Korea	Shot Canada	59:05	59:10	59:22	Malmo QF 2026	Meghan	3	Opponent Save	3	Player 1	
Korea	Shot Opponent	59:18	59:23	59:31	Malmo QF 2026	Player 12	2	Canada Ball Control Save	1	Amy	
Korea	Shot Canada	59:32	59:37	59:43	Malmo QF 2026	Emma	1	Opponent Save	3	Player 1	
Korea	Shot Opponent	59:38	59:43	59:51	Malmo QF 2026	Player 6	4	Canada Ball Control Save	3	Meghan	
Korea	Shot Canada	59:48	59:53	60:00	Malmo QF 2026	Emma	4	Opponent Save	1	Player 12	
Korea	Shot Opponent	59:55	60:00	60:14	Malmo QF 2026	Player 12	4	Canada Ball Control Save	2	Amy	
Korea	Shot Canada	60:09	60:14	60:21	Malmo QF 2026	Amy	2	Opponent Save	2	Player 12	
Korea	Shot Opponent	60:17	60:22	60:30	Malmo QF 2026	Player 12	4	Canada Ball Control Save	1.5	Amy	
Korea	Shot Canada	60:26	60:31	60:43	Malmo QF 2026	Meghan	2	Opponent Save	4	Player 6	
Korea	Shot Opponent	60:39	60:44	60:51	Malmo QF 2026	Player 6	5	Canada Ball Control Save	2	Amy	
Korea	Shot Canada	60:47	60:52	61:03	Malmo QF 2026	Emma	4	Opponent Save	1.5	Player 12	
Korea	Shot Opponent	60:59	61:04	61:13	Malmo QF 2026	Player 12	2	Canada Save	4	Emma	
Korea	Shot Canada	61:08	61:13	61:21	Malmo QF 2026	Emma	4	Opponent Save	2	Player 12	
Korea	Shot Opponent	61:17	61:22	61:29	Malmo QF 2026	Player 6	3	Canada Save	4	Emma	
Korea	Shot Canada	61:25	61:30	61:37	Malmo QF 2026	Meghan	3	Opponent Save	1.5	Player 12	
Korea	Shot Opponent	61:34	61:39	61:49	Malmo QF 2026	Player 12	1	Canada Ball Control Save	5	Emma	
Korea	Shot Canada	61:46	61:51	61:56	Malmo QF 2026	Emma	5	Opponent Save	3	Player 1	
Korea	Shot Opponent	61:50	61:55	62:00	Malmo QF 2026	Player 12	1	Canada Save	4	Emma	
Korea	Shot Canada	61:56	62:01	62:09	Malmo QF 2026	Meghan	4	Opponent Save	3	Player 1	
Korea	Shot Opponent	62:09	62:14	62:27	Malmo QF 2026	Player 12	1	Goal Opponent	4	Emma	
Korea	Shot Canada	62:32	62:37	62:46	Malmo QF 2026	Meghan	5	Opponent Save	4	Player 6	
Korea	Shot Opponent	62:45	62:50	62:57	Malmo QF 2026	Player 6	5	Canada Ball Control Save	1	Amy	
Korea	Shot Canada	62:56	63:01	63:13	Malmo QF 2026	Amy	1	Canada Out	0		
Korea	Shot Opponent	63:09	63:14	63:23	Malmo QF 2026	Player 12	1	Goal Opponent	4	Emma	
Korea	Shot Canada	64:14	64:19	64:28	Malmo QF 2026	Meghan	2	Opponent Save	4	Player 6	
Korea	Shot Opponent	64:23	64:28	64:33	Malmo QF 2026	Player 6	4	Canada Ball Control Save	3	Meghan	
Korea	Shot Canada	64:28	64:33	64:46	Malmo QF 2026	Emma	4	Goal Canada	2.5	Player 1	
Korea	Shot Opponent	64:41	64:46	64:55	Malmo QF 2026	Player 12	1	Canada Save	3.5	Meghan	
Korea	Shot Canada	64:51	64:56	65:03	Malmo QF 2026	Emma	4	Opponent Save	3.5	Player 1	
Korea	Shot Opponent	65:39	65:44	65:54	Malmo QF 2026	Player 12	1	Opponent Out	6		
Korea	Shot Canada	65:50	65:55	66:07	Malmo QF 2026	Emma	5	Opponent Save	2	Player 12	
Korea	Shot Opponent	66:03	66:08	66:19	Malmo QF 2026	Player 12	1	Canada Ball Control Save	5	Emma	
Korea	Shot Canada	66:15	66:20	66:30	Malmo QF 2026	Meghan	4	Opponent Save	1.5	Player 12	
Korea	Shot Opponent	66:28	66:33	66:38	Malmo QF 2026	Player 12	1	Canada Ball Control Save	5	Emma	
Korea	Shot Canada	66:32	66:37	66:42	Malmo QF 2026	Emma	5	Opponent Save	1.5	Player 12	
Korea	Shot Opponent	67:23	67:28	67:43	Malmo QF 2026	Player 12	5	Opponent Out	0		
Korea	Shot Canada	67:42	67:47	67:59	Malmo QF 2026	Amy	1	Opponent Save	2	Player 12	
Korea	T-END	68:16	68:16	68:16	Malmo QF 2026						
Poland	@@@P1	00:00	00:00	00:00	Worlds Preliminary 2026						
Poland	T-START	00:00	00:00	00:00	Worlds Preliminary 2026						
Poland	Shot Opponent	00:00	00:04	00:16	Worlds Preliminary 2026	Player 6	4	Canada Save	3.5	Meghan	
Poland	Shot Canada	00:11	00:16	00:24	Worlds Preliminary 2026	Amy	1	Canada Out	6		
Poland	Shot Opponent	00:20	00:25	00:42	Worlds Preliminary 2026	Player 5	2	Canada Ball Control Save	4	Emma	
Poland	Shot Canada	00:38	00:43	00:51	Worlds Preliminary 2026	Emma	5	Opponent Save	2	Player 5	
Poland	Shot Opponent	00:47	00:52	01:01	Worlds Preliminary 2026	Player 5	2	Canada Ball Control Save	1.5	Amy	
Poland	Shot Canada	00:57	01:02	01:15	Worlds Preliminary 2026	Amy	1	Opponent Save	4.5	Player 5	
Poland	Shot Opponent	01:11	01:16	01:23	Worlds Preliminary 2026	Player 5	4	Opponent Out	0		
Poland	Shot Canada	01:19	01:24	01:40	Worlds Preliminary 2026	Emma	5	Opponent Save	2	Player 11	
Poland	Shot Opponent	01:35	01:40	01:49	Worlds Preliminary 2026	Player 5	2	Canada Ball Control Save	2	Meghan	
Poland	Shot Canada	01:45	01:50	01:55	Worlds Preliminary 2026	Amy	2	Opponent Save	3	Player 11	
Poland	Shot Opponent	01:51	01:56	02:05	Worlds Preliminary 2026	Player 6	4	Canada Ball Control Save	1.5	Amy	
Poland	Shot Canada	02:00	02:05	02:16	Worlds Preliminary 2026	Amy	1	Opponent Save	5	Player 5	
Poland	Shot Opponent	02:11	02:16	02:29	Worlds Preliminary 2026	Player 5	3	Canada Ball Control Save	1.5	Amy	
Poland	Shot Canada	02:24	02:29	02:45	Worlds Preliminary 2026	Emma	1	Opponent Save	2.5	Player 11	
Poland	Shot Opponent	02:41	02:46	02:56	Worlds Preliminary 2026	Player 5	1	Canada Ball Control Save	2	Amy	
Poland	Shot Canada	02:51	02:56	03:06	Worlds Preliminary 2026	Amy	1	Opponent Save	4	Player 11	
Poland	Shot Opponent	03:02	03:07	03:13	Worlds Preliminary 2026	Player 5	4	Canada Ball Control Save	1.5	Amy	
Poland	Shot Canada	03:09	03:14	03:30	Worlds Preliminary 2026	Emma	4	Opponent Save	3	Player 11	
Poland	Shot Opponent	03:26	03:31	03:40	Worlds Preliminary 2026	Player 5	1	Canada Ball Control Save	2	Amy	
Poland	Shot Canada	03:35	03:40	03:46	Worlds Preliminary 2026	Amy	2	Opponent Save	3	Player 11	
Poland	Shot Opponent	03:42	03:47	03:54	Worlds Preliminary 2026	Player 5	3	Canada Ball Control Save	1	Amy	
Poland	Shot Canada	03:49	03:54	03:59	Worlds Preliminary 2026	Amy	1	Opponent Save	5	Player 6	
Poland	Shot Opponent	03:55	04:00	04:06	Worlds Preliminary 2026	Player 6	5	Canada Save	4	Meghan	
Poland	Shot Canada	04:02	04:07	04:12	Worlds Preliminary 2026						
Poland	Shot Opponent	04:07	04:12	04:25	Worlds Preliminary 2026	Player 5	1	Canada Ball Control Save	3	Meghan	
Poland	Shot Canada	04:20	04:25	04:38	Worlds Preliminary 2026	Meghan	3	Canada Out	0		
Poland	Shot Opponent	04:33	04:38	04:46	Worlds Preliminary 2026	Player 5	1	Canada Ball Control Save	2	Amy	
Poland	Shot Canada	04:41	04:46	05:02	Worlds Preliminary 2026	Amy	2	Canada Out	6		
Poland	Shot Opponent	04:58	05:03	05:13	Worlds Preliminary 2026	Player 6	4	High Ball			
Poland	Penalty Shot Canada	05:22	05:27	05:36	Worlds Preliminary 2026	Amy	3	Canada Out	6		
Poland	Shot Opponent	05:34	05:39	05:49	Worlds Preliminary 2026	Player 5	4	Canada Ball Control Save	5	Emma	
Poland	Shot Canada	05:45	05:50	05:59	Worlds Preliminary 2026	Emma	5	Opponent Save	2.5	Player 11	
Poland	Shot Opponent	05:55	06:00	06:06	Worlds Preliminary 2026	Player 6	4	Canada Ball Control Save	3.5	Meghan	
Poland	Shot Canada	06:01	06:06	06:16	Worlds Preliminary 2026	Meghan	3	Opponent Save	4.5	Player 6	
Poland	Shot Opponent	06:11	06:16	06:22	Worlds Preliminary 2026	Player 6	4	Canada Ball Control Save	2	Meghan	
Poland	Shot Canada	06:18	06:23	06:33	Worlds Preliminary 2026	Amy	4	Opponent Save	2	Player 11	
Poland	Shot Opponent	06:29	06:34	06:39	Worlds Preliminary 2026	Player 5	1	Canada Ball Control Save	3	Meghan	
Poland	Shot Canada	06:34	06:39	06:51	Worlds Preliminary 2026	Emma	4	Opponent Save	2.5	Player 11	
Poland	Shot Opponent	06:47	06:52	07:08	Worlds Preliminary 2026	Player 5	1	Opponent Out	6		
Poland	Shot Canada	07:04	07:09	07:25	Worlds Preliminary 2026	Emma	1	Opponent Save	4.5	Player 6	
Poland	Shot Opponent	07:20	07:25	07:37	Worlds Preliminary 2026	Player 6	3	Canada Ball Control Save	1.5	Amy	
Poland	Shot Canada	07:32	07:37	07:46	Worlds Preliminary 2026	Amy	1	Opponent Save	3	Player 11	
Poland	Shot Opponent	07:42	07:47	07:58	Worlds Preliminary 2026	Player 5	1	Canada Save	4	Emma	
Poland	Shot Canada	07:54	07:59	08:04	Worlds Preliminary 2026	Emma	4	Opponent Save	3.5	Player 11	
Poland	Shot Opponent	08:00	08:05	08:21	Worlds Preliminary 2026	Player 6	5	Goal Opponent	2	Amy	
Poland	Shot Canada	08:23	08:28	08:38	Worlds Preliminary 2026	Amy	1	Opponent Save	3.5	Player 11	
Poland	Shot Opponent	08:34	08:39	08:47	Worlds Preliminary 2026	Player 6	4	Goal Opponent	1	Amy	
Poland	Shot Canada	09:32	09:37	10:01	Worlds Preliminary 2026	Meghan	3	Goal Canada	5	Player 6	
Poland	Shot Opponent	09:56	10:01	10:17	Worlds Preliminary 2026	Player 5	2	Canada Save	2.5	Meghan	
Poland	Shot Canada	10:13	10:18	10:28	Worlds Preliminary 2026	Amy	1	Opponent Save	3.5	Player 11	
Poland	Shot Opponent	10:24	10:29	10:36	Worlds Preliminary 2026	Player 6	4	Canada Ball Control Save	3	Meghan	
Poland	Shot Canada	10:31	10:36	10:45	Worlds Preliminary 2026	Emma	3	Opponent Save	4	Player 11	
Poland	Shot Opponent	10:41	10:46	11:05	Worlds Preliminary 2026	Player 5	3	Canada Ball Control Save	1.5	Amy	
Poland	Shot Canada	11:01	11:06	11:13	Worlds Preliminary 2026	Amy	2	Canada Out	6		
Poland	Shot Opponent	11:09	11:14	11:24	Worlds Preliminary 2026	Player 6	5	Canada Ball Control Save	1	Amy	
Poland	Shot Canada	11:19	11:24	11:38	Worlds Preliminary 2026	Emma	2	Opponent Save	3.5	Player 11	Ball Over
Poland	Shot Canada	11:35	11:40	11:59	Worlds Preliminary 2026	Amy	1	Goal Canada	1.5	Player 5	
Poland	Shot Opponent	12:01	12:06	12:17	Worlds Preliminary 2026	Player 6	4	Canada Ball Control Save	1.5	Amy	
Poland	Shot Canada	12:12	12:17	12:28	Worlds Preliminary 2026	Emma	1	Opponent Save	4.5	Player 6	
Poland	Shot Opponent	12:24	12:29	12:34	Worlds Preliminary 2026	Player 6	5	Canada Ball Control Save	1	Amy	
Poland	Shot Canada	12:30	12:35	12:52	Worlds Preliminary 2026	Meghan	3	Opponent Save	5	Player 6	
Poland	Shot Opponent	12:48	12:53	13:07	Worlds Preliminary 2026	Player 5	4	Canada Save	3	Meghan	
Poland	Shot Canada	13:02	13:07	13:22	Worlds Preliminary 2026	Emma	4	Opponent Save	3.5	Player 11	
Poland	Shot Opponent	13:18	13:23	13:38	Worlds Preliminary 2026	Player 6	3	Canada Save	2.5	Meghan	
Poland	Shot Canada	13:34	13:39	13:50	Worlds Preliminary 2026	Amy	1	Opponent Save	4	Player 11	
Poland	Shot Opponent	13:46	13:51	14:03	Worlds Preliminary 2026	Player 5	3	Canada Save	2.5	3.5	Meghan
Poland	Shot Canada	13:59	14:04	14:14	Worlds Preliminary 2026	Emma	4	Goal Canada	3.5	Player 11	
Poland	Shot Opponent	14:11	14:16	14:25	Worlds Preliminary 2026	Player 6	5	Opponent Out	0		
Poland	Shot Canada	14:21	14:26	14:45	Worlds Preliminary 2026	Amy	4	Goal Canada	4	Player 11	
Poland	Shot Opponent	15:35	15:40	15:46	Worlds Preliminary 2026	Player 6	3	Canada Ball Control Save	3.5	Meghan	
Poland	Shot Canada	15:42	15:47	15:58	Worlds Preliminary 2026	Emma	4	Opponent Save	3.5	Player 11	
Poland	Shot Opponent	15:53	15:58	16:05	Worlds Preliminary 2026	Player 6	3	Canada Save	2	Amy	
Poland	Shot Canada	16:00	16:05	16:14	Worlds Preliminary 2026	Amy	2	Opponent Save	5	Player 6	
Poland	Shot Opponent	16:10	16:15	16:30	Worlds Preliminary 2026	Player 5	2	Canada Ball Control Save	2.5	Meghan	Canada Save
Poland	Shot Canada	16:26	16:31	16:49	Worlds Preliminary 2026	Emma	4	Opponent Save	3.5	Player 11	Ball Over
Poland	Shot Canada	16:45	16:50	17:01	Worlds Preliminary 2026	Amy	2	Opponent Save	2	Player 5	
Poland	Shot Opponent	16:56	17:01	17:07	Worlds Preliminary 2026	Player 5	2	Opponent Out	0		
Poland	Shot Canada	17:05	17:10	17:39	Worlds Preliminary 2026	Amy	5	Opponent Save	2	Player 5	
Poland	Shot Opponent	17:35	17:40	17:51	Worlds Preliminary 2026	Player 6	5	Canada Ball Control Save	2	Amy	
Poland	Shot Canada	17:47	17:52	17:57	Worlds Preliminary 2026	Amy	2	Opponent Save	3	Player 11	
Poland	Shot Opponent	17:52	17:57	18:03	Worlds Preliminary 2026	Player 5	3	Opponent Out	0		
Poland	Shot Canada	17:58	18:03	18:19	Worlds Preliminary 2026	Emma	5	Opponent Save	1	Player 5	
Poland	Shot Opponent	18:15	18:20	18:27	Worlds Preliminary 2026	Player 5	1	Canada Save	1.5	Amy	
Poland	Shot Canada	18:24	18:29	19:24	Worlds Preliminary 2026	Amy	5	Opponent Save	2	Player 11	
Poland	Shot Opponent	19:19	19:24	19:32	Worlds Preliminary 2026	Player 5	2	Canada Save	3.5	Meghan	
Poland	Shot Canada	19:28	19:33	19:45	Worlds Preliminary 2026	Emma	4	Opponent Save	2	Player 11	
Poland	Shot Opponent	19:41	19:46	19:59	Worlds Preliminary 2026	Player 5	1	Canada Save	5	Emma	
Poland	Shot Canada	19:54	19:59	20:08	Worlds Preliminary 2026	Amy	5	Opponent Save	2	Player 11	
Poland	Shot Opponent	20:04	20:09	20:16	Worlds Preliminary 2026	Player 5	2	Opponent Out	0		
Poland	Shot Canada	20:29	20:34	20:45	Worlds Preliminary 2026	Meghan	3	Canada Out	0		
Poland	Shot Opponent	20:41	20:46	21:02	Worlds Preliminary 2026	Player 6	3	Canada Save	1.5	Amy	
Poland	Shot Canada	20:58	21:03	21:15	Worlds Preliminary 2026	Emma	1	Opponent Save	4.5	Player 6	
Poland	Shot Opponent	21:11	21:16	21:40	Worlds Preliminary 2026	Player 6	5	Canada Ball Control Save	1.5	Amy	
Poland	Shot Canada	21:35	21:40	21:50	Worlds Preliminary 2026	Amy	1	Opponent Save	4	Player 6	
Poland	Shot Opponent	21:45	21:50	21:55	Worlds Preliminary 2026	Player 5	1	Canada Save	3	Meghan	
Poland	Shot Canada	21:50	21:55	22:04	Worlds Preliminary 2026	Emma	1	Opponent Save	3	Player 11	
Poland	Shot Opponent	21:59	22:04	22:10	Worlds Preliminary 2026	Player 5	1	Canada Ball Control Save	3	Meghan	
Poland	Shot Canada	22:06	22:11	22:21	Worlds Preliminary 2026	Meghan	3	Opponent Save	1.5	Player 5	
Poland	Shot Opponent	22:16	22:21	22:30	Worlds Preliminary 2026	Player 5	1	Canada Save	5	Emma	
Poland	T-END	25:45	25:45	25:45	Worlds Preliminary 2026						
Poland	@@@P2	28:05	28:05	28:05	Worlds Preliminary 2026						
Poland	T-START	28:05	28:05	28:05	Worlds Preliminary 2026						
Poland	Shot Canada	28:09	28:14	28:31	Worlds Preliminary 2026	Amy	1	Opponent Save	4	Player 6	
Poland	Shot Opponent	28:27	28:32	28:37	Worlds Preliminary 2026	Player 6	5	Canada Ball Control Save	3	Meghan	
Poland	Shot Canada	28:30	28:35	28:47	Worlds Preliminary 2026	Emma	4	Opponent Save	1.5	Player 5	
Poland	Shot Opponent	28:42	28:47	28:53	Worlds Preliminary 2026	Player 5	2	Canada Ball Control Save	1	Amy	
Poland	Shot Canada	28:49	28:54	29:06	Worlds Preliminary 2026	Amy	1	Opponent Save	4.5	Player 6	
Poland	Shot Opponent	29:02	29:07	29:15	Worlds Preliminary 2026	Player 6	4	Canada Save	2.5	Meghan	
Poland	Shot Canada	29:11	29:16	29:29	Worlds Preliminary 2026	Emma	1	Opponent Save	4.5	Player 6	
Poland	Shot Opponent	29:24	29:29	29:36	Worlds Preliminary 2026	Player 6	4	Canada Ball Control Save	2	Amy	
Poland	Shot Canada	29:32	29:37	29:43	Worlds Preliminary 2026	Amy	1	Opponent Save	4.5	Player 6	
Poland	Shot Opponent	29:38	29:43	29:53	Worlds Preliminary 2026	Player 5	2	Canada Ball Control Save	1	Amy	
Poland	Shot Canada	29:49	29:54	30:09	Worlds Preliminary 2026	Emma	2	Opponent Save	4	Player 11	Ball Over
Poland	Shot Canada	30:05	30:10	30:33	Worlds Preliminary 2026	Meghan	3	Goal Canada	3.5	Player 11	
Poland	Shot Opponent	30:29	30:34	30:42	Worlds Preliminary 2026	Player 6	5	Opponent Out	0		
Poland	Shot Canada	30:37	30:42	30:56	Worlds Preliminary 2026	Amy	1	Opponent Save	3	Player 11	
Poland	Shot Opponent	30:52	30:57	31:02	Worlds Preliminary 2026	Player 5	3	Canada Ball Control Save	3	Meghan	
Poland	Shot Canada	30:58	31:03	31:11	Worlds Preliminary 2026	Emma	4	Opponent Save	3.5	Player 11	
Poland	Shot Opponent	31:07	31:12	31:18	Worlds Preliminary 2026	Player 5	3	Canada Ball Control Save	1	Amy	
Poland	Shot Canada	31:14	31:19	31:28	Worlds Preliminary 2026	Amy	1	Opponent Save	3.5	Player 11	
Poland	Shot Opponent	31:24	31:29	31:36	Worlds Preliminary 2026	Player 6	4	Canada Ball Control Save	5	Emma	
Poland	Shot Canada	31:32	31:37	31:49	Worlds Preliminary 2026	Emma	4	Opponent Save	4.5	Player 6	
Poland	Shot Opponent	31:45	31:50	32:01	Worlds Preliminary 2026	Player 5	1	Canada Ball Control Save	4.5	Emma	
Poland	Shot Canada	31:57	32:02	32:20	Worlds Preliminary 2026	Emma	1	Opponent Save	5	Player 6	
Poland	Shot Opponent	32:15	32:20	32:33	Worlds Preliminary 2026	Player 6	4	Canada Ball Control Save	3.5	Meghan	
Poland	Shot Canada	32:28	32:33	32:38	Worlds Preliminary 2026	Meghan	3	Canada Out	6		
Poland	Shot Opponent	32:34	32:39	32:50	Worlds Preliminary 2026	Player 5	3	Canada Ball Control Save	2.5	Meghan	
Poland	Shot Canada	32:46	32:51	33:03	Worlds Preliminary 2026	Amy	4	Opponent Save	3.5	Player 11	
Poland	Shot Opponent	32:58	33:03	33:08	Worlds Preliminary 2026	Player 6	4	Canada Ball Control Save	3	Meghan	
Poland	Shot Canada	33:03	33:08	33:17	Worlds Preliminary 2026	Emma	4	Opponent Save	3	Player 11	
Poland	Shot Opponent	33:13	33:18	33:26	Worlds Preliminary 2026	Player 5	1	Canada Save	3.5	Meghan	
Poland	Shot Canada	33:22	33:27	33:33	Worlds Preliminary 2026	Emma	4	Opponent Save	3	Player 11	
Poland	Shot Opponent	33:29	33:34	33:43	Worlds Preliminary 2026	Player 6	4	Canada Ball Control Save	5	Emma	
Poland	Shot Canada	33:38	33:43	33:50	Worlds Preliminary 2026	Amy	4	Opponent Save	2.5	Player 11	
Poland	Shot Opponent	33:46	33:51	34:00	Worlds Preliminary 2026	Player 5	3	Canada Ball Control Save	2	Meghan	
Poland	Shot Canada	33:56	34:01	34:10	Worlds Preliminary 2026	Amy	1	Opponent Save	3.5	Player 11	
Poland	Shot Opponent	34:06	34:11	34:17	Worlds Preliminary 2026	Player 5	2	Canada Ball Control Save	4	Emma	
Poland	Shot Canada	34:13	34:18	34:26	Worlds Preliminary 2026	Emma	4	Opponent Save	4	Player 11	
Poland	Shot Opponent	34:21	34:26	34:34	Worlds Preliminary 2026	Player 6	4	Canada Ball Control Save	4	Emma	
Poland	Shot Canada	34:29	34:34	34:41	Worlds Preliminary 2026	Emma	4	Opponent Save	3.5	Player 6	
Poland	Shot Opponent	34:37	34:42	34:47	Worlds Preliminary 2026	Player 5	1	Canada Ball Control Save	3.5	Meghan	
Poland	Shot Canada	34:43	34:48	34:57	Worlds Preliminary 2026	Amy	3	Opponent Save	4.5	Player 6	
Poland	Shot Opponent	34:54	34:59	35:13	Worlds Preliminary 2026	Player 6	5	Canada Ball Control Save	3.5	Meghan	
Poland	Shot Canada	35:09	35:14	35:20	Worlds Preliminary 2026	Meghan	3	Opponent Save	4.5	Player 6	
Poland	Shot Opponent	35:15	35:20	35:35	Worlds Preliminary 2026	Player 5	5	Canada Ball Control Save	2.5	Meghan	
Poland	Shot Canada	35:31	35:36	35:48	Worlds Preliminary 2026	Amy	2	Opponent Save	2	Player 11	
Poland	Shot Opponent	35:43	35:48	35:57	Worlds Preliminary 2026	Player 5	1	Canada Ball Control Save	3	Meghan	
Poland	Shot Canada	35:52	35:57	36:08	Worlds Preliminary 2026	Emma	3	Opponent Save	5	Player 6	
Poland	Shot Opponent	36:04	36:09	36:20	Worlds Preliminary 2026	Player 6	3	Canada Save	3.5	Meghan	
Poland	Shot Canada	36:17	36:22	36:33	Worlds Preliminary 2026	Emma	3	Opponent Save	4.5	Player 6	
Poland	Shot Opponent	36:29	36:34	36:42	Worlds Preliminary 2026	Player 6	5	Canada Ball Control Save	1	Amy	
Poland	Shot Canada	36:38	36:43	36:55	Worlds Preliminary 2026	Amy	2	Opponent Save	1.5	Player 5	
Poland	Shot Opponent	36:50	36:55	37:02	Worlds Preliminary 2026	Player 5	2	Canada Ball Control Save	3	Meghan	
Poland	Shot Canada	36:58	37:03	37:10	Worlds Preliminary 2026	Meghan	2	Opponent Save	3	Player 11	
Poland	Shot Opponent	37:06	37:11	37:20	Worlds Preliminary 2026	Player 5	1	Canada Ball Control Save	1	Amy	
Poland	Shot Canada	37:15	37:20	37:29	Worlds Preliminary 2026	Amy	2	Opponent Save	3.5	Player 11	
Poland	Shot Opponent	37:25	37:30	37:39	Worlds Preliminary 2026	Player 6	5	Canada Ball Control Save	2.5	Meghan	
Poland	Shot Canada	37:34	37:39	37:45	Worlds Preliminary 2026	Emma	4	Opponent Save	2	Player 11	
Poland	Shot Opponent	37:41	37:46	37:56	Worlds Preliminary 2026	Player 5	1	Canada Ball Control Save	2	Meghan	
Poland	Shot Canada	37:52	37:57	38:08	Worlds Preliminary 2026	Amy	4	Goal Canada	2		
Poland	Shot Opponent	38:59	39:04	39:12	Worlds Preliminary 2026	Player 5	3	Canada Save	1.5	Amy	
Poland	Shot Canada	39:07	39:12	39:23	Worlds Preliminary 2026	Amy	1	Opponent Save	3.5	Player 11	
Poland	Shot Opponent	39:18	39:23	39:32	Worlds Preliminary 2026	Player 6	4	Canada Ball Control Save	3.5	Meghan	
Poland	Shot Canada	39:28	39:33	39:43	Worlds Preliminary 2026	Emma	4	Opponent Save	4	Player 6	
Poland	Shot Opponent	39:39	39:44	39:53	Worlds Preliminary 2026	Player 6	5	Canada Ball Control Save	1.5	Amy	
Poland	Shot Canada	39:48	39:53	40:01	Worlds Preliminary 2026	Amy	4	Opponent Save	3	Player 11	
Poland	Shot Opponent	39:57	40:02	40:12	Worlds Preliminary 2026	Player 5	2	Canada Save	3.5	Meghan	
Poland	Shot Canada	40:08	40:13	40:18	Worlds Preliminary 2026	Emma	4	Canada Out	6		
Poland	Shot Opponent	40:18	40:23	40:33	Worlds Preliminary 2026	Player 6	4	Canada Ball Control Save	5	Emma	
Poland	Shot Canada	40:28	40:33	40:47	Worlds Preliminary 2026	Amy	4	Opponent Save	2	Player 5	
Poland	Shot Opponent	40:43	40:48	40:54	Worlds Preliminary 2026	Player 5	1	Canada Ball Control Save	1.5	Amy	
Poland	Shot Canada	41:29	41:34	41:43	Worlds Preliminary 2026	Meghan	3	Opponent Save	4.5	Player 6	
Poland	Shot Opponent	42:16	42:21	42:28	Worlds Preliminary 2026	Player 5	5	Canada Ball Control Save	2.5	Meghan	
Poland	Shot Canada	42:23	42:28	42:46	Worlds Preliminary 2026	Cassandra	1	Goal Canada	2	Player 5	
Poland	Shot Opponent	42:42	42:47	42:57	Worlds Preliminary 2026	Player 5	1	Canada Ball Control Save	1.5	Cassandra	
Poland	Shot Canada	42:53	42:58	43:05	Worlds Preliminary 2026	Meghan	3	Opponent Save	4	Player 6	
Poland	Shot Opponent	43:01	43:06	43:15	Worlds Preliminary 2026	Player 6	5	Canada Ball Control Save	3.5	Meghan	
Poland	Shot Canada	43:10	43:15	43:22	Worlds Preliminary 2026	Emma	4	Opponent Save	4	Player 6	
Poland	Shot Opponent	43:18	43:23	43:29	Worlds Preliminary 2026	Player 5	2	Canada Ball Control Save	2	Cassandra	
Poland	Shot Canada	44:11	44:16	44:24	Worlds Preliminary 2026	Cassandra	2	Opponent Save	3.5	Player 2	
Poland	Shot Opponent	44:19	44:24	44:30	Worlds Preliminary 2026	Player 6	5	Canada Ball Control Save	2	Cassandra	
Poland	Shot Canada	44:26	44:31	44:37	Worlds Preliminary 2026	Cassandra	2	Opponent Save	3	Player 2	
Poland	Shot Opponent	44:32	44:37	44:42	Worlds Preliminary 2026						
Poland	Shot Canada	44:34	44:39	44:51	Worlds Preliminary 2026	Elena	3	Opponent Save	3	Player 2	
Poland	Shot Opponent	45:34	45:39	45:47	Worlds Preliminary 2026	Player 5	5	Canada Ball Control Save	2	Cassandra	
Poland	Shot Canada	46:14	46:19	46:26	Worlds Preliminary 2026	Cassandra	4	Opponent Save	4	Player 2	
Poland	Shot Opponent	46:21	46:26	46:34	Worlds Preliminary 2026	Player 5	4	Opponent Out	0		
Poland	Shot Canada	46:29	46:34	46:51	Worlds Preliminary 2026	Gen	2	Opponent Save	1	Player 7	
Poland	Shot Opponent	46:47	46:52	46:58	Worlds Preliminary 2026	Player 7	1	Canada Ball Control Save	3	Elena	
Poland	Shot Canada	46:53	46:58	47:08	Worlds Preliminary 2026	Cassandra	4	Opponent Save	3	Player 2	
Poland	Shot Opponent	47:04	47:09	47:21	Worlds Preliminary 2026	Player 5	4	Goal Opponent	2	Gen	
Poland	Shot Canada	47:17	47:22	47:37	Worlds Preliminary 2026	Gen	2	Opponent Save	5	Player 5	
Poland	Shot Opponent	48:05	48:10	48:28	Worlds Preliminary 2026	Player 5	4	Opponent Out	0		
Poland	Shot Canada	48:24	48:29	48:46	Worlds Preliminary 2026	Gen	3	Opponent Save	2	Player 7	
Poland	Shot Opponent	49:08	49:13	49:42	Worlds Preliminary 2026	Player 5	4	Canada Save	2	Gen	
Poland	Shot Canada	49:38	49:43	49:49	Worlds Preliminary 2026	Gen	2	Opponent Save	5	Player 5	
Poland	Shot Opponent	49:47	49:52	49:57	Worlds Preliminary 2026						
Poland	T-END	50:23	50:23	50:23	Worlds Preliminary 2026						
Turkey	@@@P1	00:00	00:00	00:00	Malmo GMG 2026						
Turkey	T-START	00:00	00:00	00:00	Malmo GMG 2026						
Turkey	Shot Opponent	03:33	03:38	03:55	Malmo GMG 2026	Player 2	4	Canada Ball Control Save	4	Meghan	
Turkey	Shot Canada	03:51	03:56	04:13	Malmo GMG 2026	Emma	5	Goal Canada	4.5	Player 2	
Turkey	Shot Opponent	04:11	04:16	04:25	Malmo GMG 2026	Player 10	2	Canada Ball Control Save	5	Emma	
Turkey	Shot Canada	04:21	04:26	04:40	Malmo GMG 2026	Emma	5	Opponent Save	2	Player 10	
Turkey	Shot Opponent	04:36	04:41	04:46	Malmo GMG 2026	Player 2	2	Canada Ball Control Save	5	Emma	
Turkey	Shot Canada	04:42	04:47	04:53	Malmo GMG 2026	Emma	5	Opponent Save	3.5	Player 4	
Turkey	Shot Opponent	04:49	04:54	05:00	Malmo GMG 2026	Player 10	4	Canada Ball Control Save	2	Amy	
Turkey	Shot Canada	04:55	05:00	05:07	Malmo GMG 2026	Meghan	3	Opponent Save	3	Player 4	
Turkey	Shot Opponent	05:03	05:08	05:17	Malmo GMG 2026	Player 2	5	Canada Save	2	Amy	
Turkey	Shot Canada	05:12	05:17	05:28	Malmo GMG 2026	Emma	2	Opponent Save	4	Player 4	
Turkey	Shot Opponent	05:24	05:29	05:40	Malmo GMG 2026	Player 10	4	Canada Ball Control Save	4	Emma	
Turkey	Shot Canada	05:36	05:41	05:54	Malmo GMG 2026	Emma	4	Opponent Save	5	Player 2	
Turkey	Shot Opponent	05:53	05:58	06:11	Malmo GMG 2026	Player 2	2	Canada Save	4	Emma	
Turkey	Shot Canada	06:07	06:12	06:22	Malmo GMG 2026	Emma	4	Canada Out	6		
Turkey	Shot Opponent	06:18	06:23	06:41	Malmo GMG 2026	Player 10	5	Goal Opponent	2	Meghan	
Turkey	Shot Canada	06:37	06:42	06:49	Malmo GMG 2026	Meghan	2	Opponent Save	2	Player 4	
Turkey	Shot Opponent	06:45	06:50	06:57	Malmo GMG 2026	Player 2	2	Canada Ball Control Save	3	Meghan	
Turkey	Shot Canada	06:53	06:58	07:05	Malmo GMG 2026	Emma	4	Opponent Save	4.5	Player 2	
Turkey	Shot Opponent	07:01	07:06	07:19	Malmo GMG 2026	Player 10	4	Canada Ball Control Save	1.5	Amy	
Turkey	Shot Canada	07:15	07:20	07:33	Malmo GMG 2026	Emma	3	Opponent Save	2.5	Player 4	
Turkey	Shot Opponent	07:29	07:34	07:41	Malmo GMG 2026	Player 2	2	Canada Save	3	Meghan	
Turkey	Shot Canada	07:40	07:45	07:53	Malmo GMG 2026	Amy	1	Opponent Save	3	Player 4	
Turkey	Shot Opponent	07:49	07:54	08:05	Malmo GMG 2026	Player 10	3	Canada Save	2	Amy	
Turkey	Shot Canada	08:01	08:06	08:19	Malmo GMG 2026	Meghan	2	Opponent Save	3	Player 4	
Turkey	Shot Opponent	08:14	08:19	08:28	Malmo GMG 2026	Player 2	5	Canada Ball Control Save	2	Meghan	
Turkey	Shot Canada	08:24	08:29	08:35	Malmo GMG 2026	Emma	4	Opponent Save	4	Player 4	
Turkey	Shot Opponent	08:31	08:36	08:47	Malmo GMG 2026	Player 10	2	Canada Ball Control Save	4	Emma	
Turkey	Shot Canada	08:43	08:48	08:55	Malmo GMG 2026	Emma	4	Opponent Save	3.5	Player 4	
Turkey	Shot Opponent	08:51	08:56	09:05	Malmo GMG 2026	Player 2	4	Canada Ball Control Save	1	Amy	
Turkey	Shot Canada	09:01	09:06	09:17	Malmo GMG 2026	Meghan	3	Opponent Save	3.5	Player 4	
Turkey	Shot Opponent	09:13	09:18	09:26	Malmo GMG 2026	Player 10	3	Canada Save	2	Amy	
Turkey	Shot Canada	09:22	09:27	09:34	Malmo GMG 2026	Emma	3	Opponent Save	2.5	Player 4	
Turkey	Shot Opponent	09:30	09:35	09:43	Malmo GMG 2026	Player 2	5	Canada Ball Control Save	3	Meghan	
Turkey	Shot Canada	09:39	09:44	09:50	Malmo GMG 2026	Emma	4	Opponent Save	3	Player 4	
Turkey	Shot Opponent	09:46	09:51	10:00	Malmo GMG 2026	Player 10	2	Canada Save	4	Emma	
Turkey	Shot Canada	09:55	10:00	10:08	Malmo GMG 2026	Meghan	4	Opponent Save	2	Player 10	
Turkey	Shot Opponent	10:04	10:09	10:16	Malmo GMG 2026	Player 10	2	Canada Save	4	Emma	
Turkey	Shot Canada	10:12	10:17	10:22	Malmo GMG 2026	Emma	5	Opponent Save	4	Player 2	
Turkey	Shot Opponent	10:17	10:22	10:30	Malmo GMG 2026	Player 2	4	Canada Ball Control Save	1	Amy	
Turkey	Shot Canada	10:26	10:31	10:40	Malmo GMG 2026	Amy	1	Opponent Save	3	Player 4	
Turkey	Shot Opponent	10:36	10:41	10:47	Malmo GMG 2026	Player 10	3	Canada Ball Control Save	2	Meghan	
Turkey	Shot Canada	10:43	10:48	10:55	Malmo GMG 2026	Emma	4	Opponent Save	3	Player 4	
Turkey	Shot Opponent	10:50	10:55	11:04	Malmo GMG 2026	Player 2	3	Canada Save	2	Amy	
Turkey	Shot Canada	11:00	11:05	11:10	Malmo GMG 2026	Amy	2	Opponent Save	4.5	Player 2	
Turkey	Shot Opponent	11:05	11:10	11:15	Malmo GMG 2026	Player 2	5	Canada Ball Control Save	1	Amy	
Turkey	Shot Canada	11:10	11:15	11:25	Malmo GMG 2026	Meghan	2	Opponent Save	2	Player 10	
Turkey	Shot Opponent	11:38	11:43	12:01	Malmo GMG 2026	Player 10	1	Canada Save	4	Emma	Ball Over
Turkey	Shot Opponent	11:57	12:02	12:18	Malmo GMG 2026	Player 2	4	Canada Save	4	Meghan	
Turkey	Shot Canada	12:14	12:19	12:24	Malmo GMG 2026	Emma	4	Opponent Save	3.5	Player 4	
Turkey	Shot Opponent	12:19	12:24	12:31	Malmo GMG 2026	Player 10	3	Canada Ball Control Save	1	Amy	
Turkey	Shot Canada	12:27	12:32	12:44	Malmo GMG 2026	Meghan	2	Opponent Save	3	Player 4	
Turkey	Shot Opponent	12:40	12:45	12:55	Malmo GMG 2026	Player 2	2	Canada Save	2	Amy	
Turkey	Shot Canada	12:51	12:56	13:02	Malmo GMG 2026	Emma	3	Opponent Save	2	Player 10	
Turkey	Shot Opponent	12:58	13:03	13:08	Malmo GMG 2026	Player 10	2	Canada Save	4	Emma	
Turkey	Shot Canada	13:03	13:08	13:22	Malmo GMG 2026	Emma	5	Opponent Save	1.5	Player 10	
Turkey	Shot Opponent	13:18	13:23	13:32	Malmo GMG 2026	Player 2	1	Canada Ball Control Save	1.5	Amy	
Turkey	Shot Canada	13:27	13:32	13:40	Malmo GMG 2026	Meghan	3	Opponent Save	5	Player 2	
Turkey	Shot Opponent	13:35	13:40	13:45	Malmo GMG 2026	Player 2	5	Canada Ball Control Save	2	Meghan	
Turkey	Shot Canada	13:40	13:45	13:51	Malmo GMG 2026	Emma	3	Opponent Save	4	Player 4	
Turkey	Shot Opponent	13:46	13:51	13:59	Malmo GMG 2026	Player 10	3	Canada Ball Control Save	1.5	Amy	
Turkey	Shot Canada	13:55	14:00	14:13	Malmo GMG 2026	Meghan	3	Canada Out	0		
Turkey	Shot Opponent	14:09	14:14	14:25	Malmo GMG 2026	Player 10	1	Long Ball			
Turkey	Penalty Shot Canada	14:32	14:37	14:55	Malmo GMG 2026	Meghan	4	Opponent Save	4	Player 10	
Turkey	Shot Opponent	14:52	14:57	15:04	Malmo GMG 2026	Player 2	5	Canada Ball Control Save	2	Meghan	
Turkey	Shot Canada	15:00	15:05	15:13	Malmo GMG 2026	Meghan	3	Canada Out	0		
Turkey	Shot Opponent	15:09	15:14	15:28	Malmo GMG 2026	Player 10	4	Canada Save	2	Amy	
Turkey	Shot Canada	15:24	15:29	15:34	Malmo GMG 2026	Emma	4	Opponent Save	2.5	Player 4	
Turkey	Shot Opponent	15:30	15:35	15:43	Malmo GMG 2026	Player 2	1	Canada Save	4.5	Emma	
Turkey	Shot Canada	15:39	15:44	15:56	Malmo GMG 2026	Emma	5	Opponent Save	2	Player 4	
Turkey	Shot Opponent	15:52	15:57	16:08	Malmo GMG 2026	Player 10	1	Canada Save	3.5	Meghan	
Turkey	Shot Canada	16:03	16:08	16:15	Malmo GMG 2026	Emma	4	Opponent Save	3.5	Player 4	
Turkey	Shot Opponent	16:11	16:16	16:26	Malmo GMG 2026	Player 2	1	Canada Save	4.5	Emma	
Turkey	Shot Canada	16:22	16:27	16:33	Malmo GMG 2026	Emma	5	Opponent Save	1.5	Player 10	
Turkey	Shot Opponent	16:29	16:34	16:41	Malmo GMG 2026	Player 10	3	Opponent Out	0		
Turkey	Shot Canada	16:40	16:45	16:53	Malmo GMG 2026	Amy	2	Opponent Save	1.5	Player 10	
Turkey	Shot Opponent	16:49	16:54	16:59	Malmo GMG 2026	Player 10	2	Canada Ball Control Save	3	Meghan	
Turkey	Shot Canada	16:54	16:59	17:05	Malmo GMG 2026	Meghan	3	Opponent Save	1	Player 10	
Turkey	Shot Opponent	17:01	17:06	17:15	Malmo GMG 2026	Player 2	1	Canada Ball Control Save	4	Meghan	
Turkey	Shot Canada	17:10	17:15	17:21	Malmo GMG 2026	Emma	4	Opponent Save	2	Player 4	
Turkey	Shot Opponent	17:22	17:27	17:38	Malmo GMG 2026	Player 10	2	Canada Ball Control Save	5	Emma	
Turkey	Shot Canada	17:33	17:38	17:45	Malmo GMG 2026	Emma	5	Opponent Save	2	Player 4	
Turkey	Shot Opponent	17:43	17:48	18:01	Malmo GMG 2026	Player 2	4	Canada Save	2	Amy	
Turkey	Shot Canada	17:56	18:01	18:13	Malmo GMG 2026	Amy	1	Opponent Save	1.5	Player 10	
Turkey	Shot Opponent	18:09	18:14	18:21	Malmo GMG 2026	Player 10	3	Opponent Out	0		
Turkey	Shot Canada	18:17	18:22	18:34	Malmo GMG 2026	Emma	1	Opponent Save	3.5	Player 4	
Turkey	Shot Opponent	18:30	18:35	18:42	Malmo GMG 2026	Player 2	4	Canada Ball Control Save	3	Meghan	
Turkey	Shot Canada	19:22	19:27	19:41	Malmo GMG 2026	Meghan	3	Canada Out	0		
Turkey	Shot Opponent	19:39	19:44	19:54	Malmo GMG 2026	Player 10	4	Canada Ball Control Save	2	Amy	
Turkey	Shot Canada	19:49	19:54	20:03	Malmo GMG 2026	Emma	5	Opponent Save	1	Player 10	
Turkey	Shot Opponent	19:59	20:04	20:20	Malmo GMG 2026	Player 2	4	Canada Save	2	Amy	
Turkey	Shot Canada	20:16	20:21	20:28	Malmo GMG 2026	Emma	4	Opponent Save	3.5	Player 4	
Turkey	Shot Opponent	20:24	20:29	20:38	Malmo GMG 2026	Player 10	4	Canada Save	2	Amy	
Turkey	Shot Canada	20:33	20:38	20:44	Malmo GMG 2026	Meghan	3	Opponent Save	2	Player 10	
Turkey	Shot Opponent	20:40	20:45	20:52	Malmo GMG 2026	Player 2	2	Opponent Out	6		
Turkey	Shot Canada	20:48	20:53	21:15	Malmo GMG 2026	Emma	1	Goal Canada	4.5	Player 2	
Turkey	Shot Opponent	21:14	21:19	21:34	Malmo GMG 2026	Player 10	4	Goal Opponent	1	Amy	
Turkey	Shot Canada	21:39	21:44	21:53	Malmo GMG 2026	Meghan	4	Opponent Save	1	Player 10	
Turkey	Shot Opponent	21:49	21:54	22:06	Malmo GMG 2026	Player 2	4	Canada Save	3.5	Meghan	
Turkey	Shot Canada	22:01	22:06	22:15	Malmo GMG 2026	Emma	4	Opponent Save	4	Player 2	
Turkey	Shot Opponent	22:11	22:16	22:22	Malmo GMG 2026	Player 10	4	Opponent Out	0		
Turkey	Shot Canada	22:19	22:24	22:35	Malmo GMG 2026	Emma	2	Opponent Save	3	Player 4	
Turkey	Shot Opponent	22:31	22:36	23:29	Malmo GMG 2026	Player 2	3	Canada Ball Control Save	5	Emma	
Turkey	T-END	25:25	25:25	25:25	Malmo GMG 2026						
Turkey	@@@P2	28:40	28:40	28:40	Malmo GMG 2026						
Turkey	T-START	28:40	28:40	28:40	Malmo GMG 2026						
Turkey	Shot Canada	28:54	28:59	29:16	Malmo GMG 2026	Emma	2	Opponent Save	2	Player 10	
Turkey	Shot Opponent	29:11	29:16	29:21	Malmo GMG 2026	Player 10	2	Canada Ball Control Save	4	Emma	
Turkey	Shot Canada	29:15	29:20	29:25	Malmo GMG 2026	Meghan	3	Opponent Save	1.5	Player 10	
Turkey	Shot Opponent	29:20	29:25	29:33	Malmo GMG 2026	Player 2	1	Canada Save	2.5	Meghan	
Turkey	Shot Canada	29:31	29:36	29:45	Malmo GMG 2026	Emma	2	Opponent Save	2	Player 10	
Turkey	Shot Opponent	29:41	29:46	29:52	Malmo GMG 2026	Player 10	2	Canada Save	2	Amy	
Turkey	Shot Canada	29:48	29:53	30:00	Malmo GMG 2026	Emma	4	Opponent Save	4	Player 2	
Turkey	Shot Opponent	29:56	30:01	30:11	Malmo GMG 2026	Player 2	2	Canada Save	4.5	Emma	
Turkey	Shot Canada	30:07	30:12	30:21	Malmo GMG 2026	Emma	5	Opponent Save	1.5	Player 10	
Turkey	Shot Opponent	30:17	30:22	30:30	Malmo GMG 2026	Player 10	1	Canada Ball Control Save	5	Emma	
Turkey	Shot Canada	30:25	30:30	30:36	Malmo GMG 2026	Meghan	3	Canada Out	0		
Turkey	Shot Opponent	30:32	30:37	30:50	Malmo GMG 2026	Player 2	2	Canada Save	2	Amy	
Turkey	Shot Canada	30:46	30:51	31:02	Malmo GMG 2026	Emma	5	Opponent Save	1.5	Player 10	
Turkey	Shot Opponent	30:58	31:03	31:11	Malmo GMG 2026	Player 10	3	Canada Ball Control Save	1	Amy	
Turkey	Shot Canada	31:07	31:12	31:23	Malmo GMG 2026	Meghan	1	Opponent Save	4	Player 2	
Turkey	Shot Opponent	31:18	31:23	31:30	Malmo GMG 2026	Player 2	5	Canada Ball Control Save	3	Meghan	
Turkey	Shot Canada	31:26	31:31	31:38	Malmo GMG 2026	Emma	4	Opponent Save	3.5	Player 4	
Turkey	Shot Opponent	31:34	31:39	31:47	Malmo GMG 2026	Player 10	3	Canada Ball Control Save	5	Emma	
Turkey	Shot Canada	31:42	31:47	31:56	Malmo GMG 2026	Emma	5	Opponent Save	1.5	Player 10	
Turkey	Shot Opponent	31:52	31:57	32:04	Malmo GMG 2026	Player 2	1	Canada Ball Control Save	3	Meghan	
Turkey	Shot Canada	32:00	32:05	32:11	Malmo GMG 2026	Meghan	3	Opponent Save	3	Player 4	
Turkey	Shot Opponent	32:07	32:12	32:18	Malmo GMG 2026	Player 10	2	Canada Save	2.5	Meghan	
Turkey	Shot Canada	32:14	32:19	32:33	Malmo GMG 2026	Emma	1	Opponent Save	4	Player 4	
Turkey	Shot Opponent	32:29	32:34	32:46	Malmo GMG 2026	Player 2	5	Opponent Out	0		
Turkey	Shot Canada	32:46	32:51	32:58	Malmo GMG 2026	Emma	1	Opponent Save	2.5	Player 4	
Turkey	Shot Opponent	32:54	32:59	33:05	Malmo GMG 2026	Player 10	2	Canada Save	4	Emma	
Turkey	Shot Canada	33:01	33:06	33:15	Malmo GMG 2026	Emma	5	Opponent Save	2	Player 4	
Turkey	Shot Opponent	33:11	33:16	33:21	Malmo GMG 2026	Player 4	3	Canada Ball Control Save	3.5	Meghan	
Turkey	Shot Canada	33:17	33:22	33:31	Malmo GMG 2026	Emma	5	Goal Canada	3	Player 5	
Turkey	Shot Opponent	33:33	33:38	33:49	Malmo GMG 2026	Player 2	5	Canada Ball Control Save	2	Meghan	
Turkey	Shot Canada	33:44	33:49	33:56	Malmo GMG 2026	Meghan	3	Opponent Save	3	Player 4	
Turkey	Shot Opponent	33:52	33:57	34:04	Malmo GMG 2026	Player 10	3	Canada Ball Control Save	2.5	Meghan	
Turkey	Shot Canada	34:00	34:05	34:13	Malmo GMG 2026	Amy	2	Opponent Save	2	Player 10	
Turkey	Shot Opponent	34:08	34:13	34:20	Malmo GMG 2026	Player 2	2	Canada Ball Control Save	5	Emma	
Turkey	Shot Canada	34:15	34:20	34:26	Malmo GMG 2026	Emma	5	Opponent Save	2.5	Player 4	
Turkey	Shot Opponent	34:21	34:26	34:35	Malmo GMG 2026	Player 10	4	Canada Ball Control Save	3	Meghan	
Turkey	Shot Canada	34:30	34:35	34:43	Malmo GMG 2026	Emma	4	Opponent Save	3	Player 4	
Turkey	Shot Opponent	34:39	34:44	34:52	Malmo GMG 2026	Player 2	3	Canada Ball Control Save	5	Emma	
Turkey	Shot Canada	34:47	34:52	35:05	Malmo GMG 2026	Meghan	5	Opponent Save	2.5	Player 4	
Turkey	Shot Opponent	35:00	35:05	35:14	Malmo GMG 2026	Player 10	4	Canada Ball Control Save	1	Amy	
Turkey	Shot Canada	35:10	35:15	35:27	Malmo GMG 2026	Emma	5	Opponent Save	1.5	Player 10	
Turkey	Shot Opponent	35:23	35:28	35:33	Malmo GMG 2026	Player 10	2	Canada Save	3.5	Meghan	
Turkey	Shot Canada	35:28	35:33	35:40	Malmo GMG 2026	Emma	4	Opponent Save	3.5	Player 4	
Turkey	Shot Opponent	35:35	35:40	35:48	Malmo GMG 2026	Player 2	2	Canada Ball Control Save	3	Meghan	
Turkey	Shot Canada	35:43	35:48	35:58	Malmo GMG 2026	Meghan	3	Opponent Save	1.5	Player 10	
Turkey	Shot Opponent	35:53	35:58	36:04	Malmo GMG 2026	Player 10	2	Canada Ball Control Save	1	Amy	
Turkey	Shot Canada	36:00	36:05	36:14	Malmo GMG 2026	Emma	2	Opponent Save	1.5	Player 10	
Turkey	Shot Opponent	36:10	36:15	36:22	Malmo GMG 2026	Player 2	2	Canada Ball Control Save	3.5	Meghan	
Turkey	Shot Canada	36:17	36:22	36:28	Malmo GMG 2026	Emma	4	Opponent Save	1	Player 10	
Turkey	Shot Opponent	36:25	36:30	36:41	Malmo GMG 2026	Player 10	4	Canada Ball Control Save	2	Amy	
Turkey	Shot Canada	36:36	36:41	36:49	Malmo GMG 2026	Amy	2	Opponent Save	3.5	Player 4	
Turkey	Shot Opponent	36:45	36:50	36:57	Malmo GMG 2026	Player 2	4	Canada Ball Control Save	2	Amy	
Turkey	Shot Canada	36:53	36:58	37:03	Malmo GMG 2026	Emma	4	Opponent Save	3.5	Player 4	
Turkey	Shot Opponent	36:58	37:03	37:11	Malmo GMG 2026	Player 10	4	Canada Ball Control Save	4	Emma	
Turkey	Shot Canada	37:07	37:12	37:19	Malmo GMG 2026	Emma	4	Opponent Save	3	Player 4	
Turkey	Shot Opponent	37:15	37:20	37:29	Malmo GMG 2026	Player 2	4	Canada Save	4	Emma	
Turkey	Shot Canada	37:25	37:30	37:40	Malmo GMG 2026	Meghan	3	Opponent Save	5	Player 2	
Turkey	Shot Opponent	37:36	37:41	37:47	Malmo GMG 2026	Player 10	5	Canada Ball Control Save	1	Amy	
Turkey	Shot Canada	37:45	37:50	38:50	Malmo GMG 2026	Meghan	4	Opponent Save	2	Player 4	
Turkey	Shot Opponent	38:46	38:51	39:03	Malmo GMG 2026	Player 10	4	Canada Save	4	Emma	Ball Over
Turkey	Shot Opponent	39:02	39:07	39:20	Malmo GMG 2026	Player 2	2	Long Ball			
Turkey	Penalty Shot Canada	39:28	39:33	39:44	Malmo GMG 2026	Emma	4	Opponent Save	2	Player 4	
Turkey	Shot Opponent	39:44	39:49	39:58	Malmo GMG 2026	Player 10	5	Canada Ball Control Save	1	Amy	
Turkey	Shot Canada	39:54	39:59	40:11	Malmo GMG 2026	Emma	2	Opponent Save	2	Player 10	
Turkey	Shot Opponent	40:07	40:12	40:18	Malmo GMG 2026	Player 10	2	Canada Save	4.5	Emma	
Turkey	Shot Canada	40:14	40:19	40:31	Malmo GMG 2026	Emma	5	Opponent Save	1.5	Player 10	
Turkey	Shot Opponent	40:26	40:31	40:39	Malmo GMG 2026	Player 2	2	Canada Save	1.5	Amy	
Turkey	Shot Canada	40:35	40:40	40:55	Malmo GMG 2026	Amy	1	Opponent Save	2	Player 10	
Turkey	Shot Opponent	40:51	40:56	41:01	Malmo GMG 2026	Player 10	5	Canada Ball Control Save	2.5	Meghan	
Turkey	Shot Canada	40:57	41:02	41:09	Malmo GMG 2026	Meghan	3	Opponent Save	3	Player 4	
Turkey	Shot Opponent	41:04	41:09	41:18	Malmo GMG 2026	Player 2	5	Canada Save	2	Amy	
Turkey	Shot Canada	41:14	41:19	41:26	Malmo GMG 2026	Emma	2	Opponent Save	2	Player 4	
Turkey	Shot Opponent	41:22	41:27	41:41	Malmo GMG 2026	Player 10	5	Canada Ball Control Save	1	Amy	
Turkey	Shot Canada	41:37	41:42	41:53	Malmo GMG 2026	Amy	1	Canada Out	0		
Turkey	Shot Opponent	41:49	41:54	42:57	Malmo GMG 2026	Player 2	5	Canada Ball Control Save	3	Meghan	
Turkey	Shot Canada	42:53	42:58	43:05	Malmo GMG 2026	Emma	4	Opponent Save	2	Player 10	
Turkey	Shot Opponent	43:01	43:06	43:11	Malmo GMG 2026	Player 10	2	Canada Ball Control Save	5	Emma	
Turkey	Shot Canada	43:06	43:11	43:16	Malmo GMG 2026	Emma	5	Opponent Save	2	Player 10	
Turkey	Shot Opponent	43:12	43:17	45:21	Malmo GMG 2026	Player 10	2	Canada Save	3.5	Meghan	
Turkey	Shot Canada	43:18	43:23	43:30	Malmo GMG 2026	Emma	4	Opponent Save	2	Player 4	
Turkey	Shot Opponent	43:34	43:39	43:44	Malmo GMG 2026	Player 2	2	Canada Ball Control Save	3	Meghan	
Turkey	Shot Canada	43:40	43:45	43:51	Malmo GMG 2026	Meghan	3	Opponent Save	3	Player 4	
Turkey	Shot Opponent	43:47	43:52	43:58	Malmo GMG 2026	Player 10	3	Canada Ball Control Save	2	Amy	
Turkey	Shot Canada	43:53	43:58	44:07	Malmo GMG 2026	Amy	1	Opponent Save	2.5	Player 4	
Turkey	Shot Opponent	44:03	44:08	44:13	Malmo GMG 2026	Player 2	2	Canada Ball Control Save	4	Emma	
Turkey	Shot Canada	44:09	44:14	44:21	Malmo GMG 2026	Emma	5	Opponent Save	2.5	Player 4	
Turkey	Shot Canada	45:17	45:22	45:33	Malmo GMG 2026	Emma	1	Opponent Save	3.5	Player 4	
Turkey	Shot Opponent	45:29	45:34	45:40	Malmo GMG 2026	Player 10	4	Canada Ball Control Save	2	Amy	
Turkey	Shot Canada	45:35	45:40	45:47	Malmo GMG 2026	Amy	2	Opponent Save	1.5	Player 10	
Turkey	Shot Opponent	45:43	45:48	45:54	Malmo GMG 2026	Player 2	2	Canada Ball Control Save	4	Emma	
Turkey	Shot Canada	45:50	45:55	46:03	Malmo GMG 2026	Emma	5	Opponent Save	2	Player 10	
Turkey	Shot Opponent	46:01	46:06	46:11	Malmo GMG 2026	Player 10	2	Canada Ball Control Save	4	Emma	
Turkey	Shot Canada	46:05	46:10	46:15	Malmo GMG 2026	Emma	5	Opponent Save	2.5	Player 4	
Turkey	Shot Opponent	46:10	46:15	46:22	Malmo GMG 2026	Player 2	3	Canada Save	4	Emma	
Turkey	Shot Canada	46:18	46:23	46:32	Malmo GMG 2026	Meghan	3	Canada Out	6		
Turkey	Shot Opponent	46:29	46:34	46:45	Malmo GMG 2026	Player 10	5	Canada Ball Control Save	2	Amy	
Turkey	Shot Canada	46:41	46:46	46:53	Malmo GMG 2026	Amy	2	Opponent Save	1.5	Player 10	
Turkey	Shot Opponent	46:50	46:55	47:00	Malmo GMG 2026	Player 2	3	Canada Ball Control Save	3	Meghan	
Turkey	Shot Canada	46:56	47:01	47:08	Malmo GMG 2026	Emma	4	Opponent Save	3.5	Player 4	
Turkey	Shot Opponent	47:05	47:10	48:04	Malmo GMG 2026	Player 10	4	Long Ball			
Turkey	Penalty Shot Canada	48:08	48:13	48:31	Malmo GMG 2026	Emma	3	Goal Canada	2	Player 10	
Turkey	Shot Opponent	48:31	48:36	48:45	Malmo GMG 2026	Player 2	4	Canada Save	3.5	Meghan	
Turkey	Shot Canada	48:40	48:45	48:52	Malmo GMG 2026	Emma	4	Opponent Save	2	Player 4	
Turkey	Shot Opponent	48:48	48:53	49:05	Malmo GMG 2026	Player 10	2	Canada Ball Control Save	5	Emma	
Turkey	T-END	49:07	49:07	49:07	Malmo GMG 2026						
Turkey	@@@P1	00:00	00:00	00:00	Malmo 2026						
Turkey	T-START	00:00	00:00	00:00	Malmo 2026						
Turkey	Shot Opponent	02:03	02:08	02:17	Malmo 2026	Player 7	3	Canada Ball Control Save	3.5	Meghan	
Turkey	Shot Canada	02:13	02:18	02:28	Malmo 2026	Emma	5	Opponent Save	1	Player 7	
Turkey	Shot Opponent	02:24	02:29	02:36	Malmo 2026	Player 2	3	Canada Ball Control Save	5	Emma	
Turkey	Shot Canada	02:34	02:39	02:52	Malmo 2026	Emma	4	Opponent Save	4.5	Player 2	
Turkey	Shot Opponent	02:47	02:52	02:57	Malmo 2026	Player 2	3	Canada Ball Control Save	3	Meghan	
Turkey	Shot Canada	02:53	02:58	03:09	Malmo 2026	Amy	1	Opponent Save	4	Player 4	
Turkey	Shot Opponent	03:05	03:10	03:18	Malmo 2026	Player 7	2	Canada Ball Control Save	4	Emma	
Turkey	Shot Canada	03:14	03:19	03:26	Malmo 2026	Emma	4	Opponent Save	4	Player 2	
Turkey	Shot Opponent	03:21	03:26	03:32	Malmo 2026	Player 2	2	Canada Save	4.5	Emma	
Turkey	Shot Canada	03:27	03:32	03:41	Malmo 2026	Emma	5	Opponent Save	3	Player 4	
Turkey	Shot Opponent	03:36	03:41	03:49	Malmo 2026	Player 7	1	Canada Save	4	Emma	
Turkey	Shot Canada	03:45	03:50	04:03	Malmo 2026	Amy	4	Opponent Save	2.5	Player 4	
Turkey	Shot Opponent	04:01	04:06	04:14	Malmo 2026	Player 2	1	Canada Save	4	Emma	
Turkey	Shot Canada	04:12	04:17	04:26	Malmo 2026	Emma	2	Opponent Save	4	Player 4	
Turkey	Shot Opponent	04:22	04:27	04:35	Malmo 2026	Player 2	4	Canada Ball Control Save	1	Amy	
Turkey	Shot Canada	04:31	04:36	04:52	Malmo 2026	Amy	2	Goal Canada	1.5	Player 7	
Turkey	Shot Opponent	04:49	04:54	05:07	Malmo 2026	Player 7	1	Canada Ball Control Save	4	Emma	
Turkey	Shot Canada	05:03	05:08	05:16	Malmo 2026	Meghan	3	Opponent Save	5	Player 2	
Turkey	Shot Opponent	05:11	05:16	05:25	Malmo 2026	Player 2	4	Canada Save	4	Emma	
Turkey	Shot Canada	05:21	05:26	05:35	Malmo 2026	Amy	2	Opponent Save	1	Player 7	
Turkey	Shot Opponent	05:31	05:36	05:48	Malmo 2026	Player 7	2	Canada Save	4	Emma	
Turkey	Shot Canada	05:44	05:49	05:58	Malmo 2026	Emma	4	Opponent Save	5	Player 2	
Turkey	Shot Opponent	05:54	05:59	06:12	Malmo 2026	Player 2	5	Canada Ball Control Save	4.5	Emma	
Turkey	Shot Canada	06:11	06:16	06:30	Malmo 2026	Amy	1	Opponent Save	3.5	Player 4	
Turkey	Shot Opponent	06:26	06:31	06:37	Malmo 2026	Player 7	2	Canada Save	4.5	Emma	
Turkey	Shot Canada	06:33	06:38	06:47	Malmo 2026	Emma	5	Opponent Save	2	Player 4	
Turkey	Shot Opponent	06:42	06:47	06:54	Malmo 2026	Player 2	2	Canada Ball Control Save	3	Meghan	
Turkey	Shot Canada	06:50	06:55	07:02	Malmo 2026	Amy	2	Opponent Save	1.5	Player 7	
Turkey	Shot Opponent	06:57	07:02	07:13	Malmo 2026	Player 7	2	Canada Save	2	Meghan	
Turkey	Shot Canada	07:09	07:14	07:23	Malmo 2026	Emma	4	Opponent Save	3	Player 4	
Turkey	Shot Opponent	07:19	07:24	07:32	Malmo 2026	Player 2	3	Canada Ball Control Save	3	Meghan	
Turkey	Shot Canada	07:27	07:32	07:40	Malmo 2026	Amy	2	Canada Out	0		
Turkey	Penalty Shot Opponent	08:07	08:12	08:19	Malmo 2026	Player 2	3	Goal Opponent	4	Amy	
Turkey	Shot Canada	08:19	08:24	08:29	Malmo 2026	Emma	4	Opponent Save	3	Player 4	
Turkey	Shot Opponent	08:23	08:28	08:37	Malmo 2026	Player 7	2	Canada Ball Control Save	2.5	Meghan	
Turkey	Shot Canada	08:32	08:37	08:44	Malmo 2026	Amy	4	Opponent Save	1	Player 2	
Turkey	Shot Opponent	08:40	08:45	08:56	Malmo 2026	Player 2	5	Canada Ball Control Save	1	Amy	
Turkey	Shot Canada	08:52	08:57	09:15	Malmo 2026	Amy	1	Opponent Save	2	Player 7	
Turkey	Shot Opponent	09:11	09:16	09:23	Malmo 2026	Player 7	2	Canada Ball Control Save	4	Emma	
Turkey	Shot Canada	09:19	09:24	09:30	Malmo 2026	Emma	4	Opponent Save	4.5	Player 2	
Turkey	Shot Opponent	09:26	09:31	09:45	Malmo 2026	Player 2	5	Canada Ball Control Save	1	Amy	
Turkey	Shot Canada	09:44	09:49	10:05	Malmo 2026	Amy	2	Opponent Save	2	Player 7	
Turkey	Shot Opponent	10:04	10:09	10:16	Malmo 2026	Player 7	2	Canada Ball Control Save	3	Meghan	
Turkey	Shot Canada	10:12	10:17	10:26	Malmo 2026	Emma	2	Opponent Save	3	Player 4	
Turkey	Shot Opponent	10:21	10:26	10:34	Malmo 2026	Player 2	2	Canada Ball Control Save	3	Meghan	
Turkey	Shot Canada	10:29	10:34	10:42	Malmo 2026	Amy	1	Opponent Save	3	Player 4	
Turkey	Shot Opponent	10:38	10:43	10:51	Malmo 2026	Player 7	2	Canada Ball Control Save	2.5	Meghan	
Turkey	Shot Canada	10:46	10:51	11:00	Malmo 2026	Meghan	3	Opponent Save	1	Player 7	
Turkey	Shot Opponent	10:56	11:01	11:10	Malmo 2026	Player 2	2	Opponent Out	6		
Turkey	Shot Canada	11:10	11:15	11:26	Malmo 2026	Amy	5	Opponent Save	1.5	Player 7	
Turkey	Shot Opponent	11:22	11:27	11:33	Malmo 2026	Player 7	1	Canada Ball Control Save	3	Meghan	
Turkey	Shot Canada	11:28	11:33	11:43	Malmo 2026	Emma	4	Opponent Save	3.5	Player 4	
Turkey	Shot Opponent	11:38	11:43	11:52	Malmo 2026	Player 2	4	Canada Ball Control Save	1.5	Amy	
Turkey	Shot Canada	11:47	11:52	11:57	Malmo 2026	Amy	1	Opponent Save	4.5	Player 7	
Turkey	Shot Opponent	11:52	11:57	12:04	Malmo 2026	Player 7	4	Canada Ball Control Save	1.5	Amy	
Turkey	Shot Canada	12:00	12:05	12:14	Malmo 2026	Emma	2	Opponent Save	1	Player 7	
Turkey	Shot Opponent	12:10	12:15	12:25	Malmo 2026	Player 7	2	Canada Ball Control Save	3.5	Meghan	
Turkey	Shot Canada	12:20	12:25	12:34	Malmo 2026	Amy	3	Canada Out	0		
Turkey	Shot Opponent	12:31	12:36	12:46	Malmo 2026	Player 2	5	Canada Ball Control Save	3	Meghan	
Turkey	Shot Canada	12:41	12:46	12:54	Malmo 2026	Emma	4	Opponent Save	2	Player 4	
Turkey	Shot Opponent	13:01	13:06	13:12	Malmo 2026	Player 7	1	Canada Ball Control Save	4	Emma	
Turkey	Shot Canada	13:07	13:12	13:22	Malmo 2026	Emma	4	Opponent Save	2	Player 4	
Turkey	Shot Opponent	13:17	13:22	13:28	Malmo 2026	Player 2	3	Canada Ball Control Save	3	Meghan	
Turkey	Shot Canada	13:24	13:29	13:35	Malmo 2026	Amy	2	Opponent Save	1.5	Player 7	
Turkey	Shot Opponent	13:31	13:36	13:43	Malmo 2026	Player 7	2	Canada Ball Control Save	1	Amy	
Turkey	Shot Canada	13:39	13:44	13:51	Malmo 2026	Amy	1	Opponent Save	3	Player 4	
Turkey	Shot Opponent	13:47	13:52	14:00	Malmo 2026	Player 2	2	Canada Ball Control Save	5	Emma	
Turkey	Shot Canada	14:02	14:07	14:18	Malmo 2026	Emma	4	Opponent Save	4	Player 2	
Turkey	Shot Opponent	14:14	14:19	14:24	Malmo 2026	Player 2	5	Opponent Out	0		
Turkey	Shot Canada	14:19	14:24	14:34	Malmo 2026	Amy	4	Opponent Save	1.5	Player 7	
Turkey	Shot Opponent	14:30	14:35	14:45	Malmo 2026	Player 7	2	Goal Opponent	4	Emma	
Turkey	Shot Canada	14:54	14:59	15:08	Malmo 2026	Amy	5	Opponent Save	2	Player 4	
Turkey	Shot Opponent	15:03	15:08	15:19	Malmo 2026	Player 2	1	Goal Opponent	4	Meghan	
Turkey	Shot Canada	16:09	16:14	16:23	Malmo 2026	Emma	5	Opponent Save	3	Player 4	
Turkey	Shot Opponent	16:19	16:24	16:35	Malmo 2026	Player 2	3	Canada Save	4	Emma	
Turkey	Shot Canada	16:30	16:35	16:44	Malmo 2026	Emma	4	Canada Out	0	Player 7	
Turkey	Shot Opponent	16:40	16:45	16:58	Malmo 2026	Player 7	2	Canada Save	3.5	Meghan	
Turkey	Shot Canada	16:53	16:58	17:09	Malmo 2026	Amy	2	Goal Canada	2	Player 4	
Turkey	Shot Opponent	17:11	17:16	17:25	Malmo 2026	Player 2	2	Canada Save	4	Emma	
Turkey	Shot Canada	17:21	17:26	17:35	Malmo 2026	Emma	4	Opponent Save	1	Player 7	
Turkey	Shot Opponent	17:30	17:35	17:41	Malmo 2026	Player 7	2	Canada Ball Control Save	3	Meghan	
Turkey	Shot Canada	17:37	17:42	17:50	Malmo 2026	Amy	1	Opponent Save	3	Player 4	
Turkey	Shot Opponent	17:46	17:51	18:00	Malmo 2026	Player 2	4	Canada Save	4	Meghan	
Turkey	Shot Canada	17:55	18:00	18:09	Malmo 2026	Emma	4	Opponent Save	1	Player 7	
Turkey	Shot Opponent	18:04	18:09	18:15	Malmo 2026	Player 7	2	Canada Ball Control Save	3	Meghan	
Turkey	Shot Canada	18:10	18:15	18:22	Malmo 2026	Amy	2	Opponent Save	3	Player 4	
Turkey	Shot Opponent	18:18	18:23	18:33	Malmo 2026	Player 2	1	Canada Ball Control Save	4	Emma	
Turkey	Shot Canada	18:28	18:33	18:42	Malmo 2026	Emma	5	Opponent Save	2	Player 7	
Turkey	Shot Opponent	18:37	18:42	18:51	Malmo 2026	Player 7	2	Canada Save	3.5	Meghan	
Turkey	Shot Canada	18:47	18:52	18:58	Malmo 2026	Amy	3	Opponent Save	3.5	Player 4	
Turkey	Shot Opponent	18:53	18:58	19:13	Malmo 2026	Player 2	5	Long Ball			
Turkey	Penalty Shot Canada	19:23	19:28	19:36	Malmo 2026	Amy	3	Opponent Save	2	Player 2	
Turkey	Shot Opponent	20:28	20:33	20:41	Malmo 2026	Player 7	3	Canada Save	3	Meghan	
Turkey	Shot Canada	20:36	20:41	20:51	Malmo 2026	Amy	2	Opponent Save	4	Player 2	
Turkey	Shot Opponent	20:47	20:52	20:59	Malmo 2026	Player 2	1	Canada Save	4.5	Emma	
Turkey	Shot Canada	20:55	21:00	21:07	Malmo 2026	Emma	4	Opponent Save	2.5	Player 4	
Turkey	Shot Opponent	21:03	21:08	21:15	Malmo 2026	Player 7	2	Canada Save	2	Amy	
Turkey	Shot Canada	21:11	21:16	21:23	Malmo 2026	Amy	2	Opponent Save	1.5	Player 7	
Turkey	T-END	21:59	21:59	21:59	Malmo 2026						
Turkey	@@@P2	26:17	26:17	26:17	Malmo 2026						
Turkey	T-START	26:17	26:17	26:17	Malmo 2026						
Turkey	Shot Canada	26:47	26:52	27:07	Malmo 2026	Amy	4	Opponent Save	2	Player 4	
Turkey	Shot Opponent	27:03	27:08	27:14	Malmo 2026	Player 10	2	Canada Save	3.5	Meghan	
Turkey	Shot Canada	27:10	27:15	27:21	Malmo 2026	Emma	4	Opponent Save	3.5	Player 4	
Turkey	Shot Opponent	27:17	27:22	27:29	Malmo 2026	Player 2	2	Canada Ball Control Save	4.5	Emma	
Turkey	Shot Canada	27:25	27:30	27:46	Malmo 2026	Emma	5	Opponent Save	4	Player 10	
Turkey	Shot Opponent	27:42	27:47	27:52	Malmo 2026	Player 10	2	Canada Ball Control Save	3	Meghan	
Turkey	Shot Canada	27:48	27:53	28:02	Malmo 2026	Amy	1	Opponent Save	2	Player 10	
Turkey	Shot Opponent	27:57	28:02	28:11	Malmo 2026	Player 2	2	Canada Ball Control Save	4.5	Emma	
Turkey	Shot Canada	28:08	28:13	28:25	Malmo 2026	Emma	5	Opponent Save	1	Player 10	
Turkey	Shot Opponent	28:23	28:28	28:42	Malmo 2026	Player 10	2	Goal Opponent	4	Emma	
Turkey	Shot Canada	28:45	28:50	28:58	Malmo 2026	Amy	1	Opponent Save	3	Player 4	
Turkey	Shot Opponent	28:54	28:59	29:09	Malmo 2026	Player 2	3	Canada Save	3.5	Meghan	
Turkey	Shot Canada	29:04	29:09	29:16	Malmo 2026	Emma	4	Opponent Save	1.5	Player 10	
Turkey	Shot Opponent	29:12	29:17	29:26	Malmo 2026	Player 10	1	Canada Ball Control Save	5	Emma	
Turkey	Shot Canada	29:22	29:27	29:33	Malmo 2026	Amy	2	Opponent Save	3	Player 4	
Turkey	Shot Opponent	29:28	29:33	29:43	Malmo 2026	Player 10	2	Canada Save	3.5	Meghan	
Turkey	Shot Canada	29:38	29:43	29:49	Malmo 2026	Amy	2	Opponent Save	2	Player 10	
Turkey	Shot Opponent	29:45	29:50	29:55	Malmo 2026	Player 2	2	Canada Ball Control Save	3	Meghan	
Turkey	Shot Canada	29:51	29:56	30:04	Malmo 2026	Meghan	3	Opponent Save	5	Player 2	
Turkey	Shot Opponent	29:59	30:04	30:13	Malmo 2026	Player 10	4	Canada Save	1.5	Amy	
Turkey	Shot Canada	30:10	30:15	30:27	Malmo 2026	Amy	1	Opponent Save	4	Player 2	
Turkey	Shot Opponent	30:23	30:28	30:35	Malmo 2026	Player 2	5	Opponent Out	6		
Turkey	Shot Canada	30:34	30:39	30:51	Malmo 2026	Emma	4	Opponent Save	1	Player 10	
Turkey	Shot Opponent	30:47	30:52	31:02	Malmo 2026	Player 10	1	Canada Save	4	Emma	
Turkey	Shot Canada	30:57	31:02	31:10	Malmo 2026	Emma	5	Opponent Save	1.5	Player 10	
Turkey	Shot Opponent	31:06	31:11	31:19	Malmo 2026	Player 2	1	Canada Ball Control Save	5	Emma	
Turkey	Shot Canada	31:15	31:20	31:35	Malmo 2026	Amy	4	Opponent Save	2.5	Player 4	
Turkey	Shot Opponent	31:31	31:36	31:47	Malmo 2026	Player 10	2	Canada Save	1.5	Amy	
Turkey	Shot Canada	31:43	31:48	31:57	Malmo 2026	Emma	1	Opponent Save	1	Player 10	
Turkey	Shot Opponent	31:53	31:58	32:06	Malmo 2026	Player 2	4	Canada Save	3	Meghan	
Turkey	Shot Canada	32:02	32:07	32:12	Malmo 2026	Amy	2	Canada Out	0		
Turkey	Shot Opponent	32:09	32:14	32:25	Malmo 2026	Player 10	2	Canada Ball Control Save	1	Amy	
Turkey	Shot Canada	32:20	32:25	32:33	Malmo 2026	Amy	2	Opponent Save	1	Player 10	
Turkey	Shot Opponent	32:29	32:34	32:51	Malmo 2026	Player 2	3	Canada Save	3.5	Meghan	
Turkey	Shot Canada	32:47	32:52	33:00	Malmo 2026	Emma	4	Opponent Save	1	Player 10	
Turkey	Shot Opponent	32:57	33:02	33:13	Malmo 2026	Player 10	1	Long Ball			
Turkey	Penalty Shot Canada	33:23	33:28	33:43	Malmo 2026	Amy	3	Goal Canada	5	Player 10	
Turkey	Shot Opponent	33:49	33:54	34:00	Malmo 2026	Player 2	5	Canada Ball Control Save	2	Meghan	
Turkey	Shot Canada	33:55	34:00	34:07	Malmo 2026	Amy	1	Opponent Save	1	Player 10	
Turkey	Shot Opponent	34:03	34:08	34:16	Malmo 2026	Player 10	1	Canada Ball Control Save	5	Emma	
Turkey	Shot Canada	34:19	34:24	34:30	Malmo 2026	Emma	4	Opponent Save	1	Player 10	
Turkey	Shot Opponent	34:26	34:31	34:43	Malmo 2026	Player 2	1	Canada Ball Control Save	4	Emma	
Turkey	Shot Canada	34:39	34:44	34:54	Malmo 2026	Emma	5	Opponent Save	1	Player 10	
Turkey	Shot Opponent	34:50	34:55	35:01	Malmo 2026	Player 10	1	Canada Save	4	Meghan	
Turkey	Shot Canada	34:57	35:02	35:12	Malmo 2026	Amy	3	Opponent Save	2	Player 10	
Turkey	Shot Opponent	35:08	35:13	35:19	Malmo 2026	Player 2	2	Canada Save	3	Meghan	
Turkey	Shot Canada	35:15	35:20	35:29	Malmo 2026	Emma	4	Opponent Save	3.5	Player 4	
Turkey	Shot Opponent	35:30	35:35	35:42	Malmo 2026	Player 2	5	Opponent Out	0		
Turkey	Shot Canada	35:46	35:51	35:58	Malmo 2026	Amy	1	Opponent Save	2	Player 10	
Turkey	Shot Opponent	35:54	35:59	36:07	Malmo 2026	Player 10	2	Goal Opponent	1.5	Amy	
Turkey	Shot Canada	36:13	36:18	36:30	Malmo 2026	Amy	1	Opponent Save	3	Player 4	
Turkey	Shot Opponent	37:18	37:23	37:33	Malmo 2026	Player 2	5	Goal Opponent	2	Amy	
Turkey	Shot Canada	38:15	38:20	38:31	Malmo 2026	Emma	5	Canada Out	0		
Turkey	Shot Opponent	38:27	38:32	38:41	Malmo 2026	Player 10	2	Canada Ball Control Save	4	Emma	
Turkey	Shot Canada	38:37	38:42	38:56	Malmo 2026	Emma	5	Goal Canada	2	Player 10	
Turkey	Shot Opponent	38:54	38:59	39:13	Malmo 2026	Player 2	2	Goal Opponent	3	Meghan	
Turkey	Shot Canada	39:19	39:24	39:34	Malmo 2026	Amy	1	Opponent Save	2	Player 10	
Turkey	Shot Opponent	39:30	39:35	39:40	Malmo 2026						
Turkey	Shot Canada	39:33	39:38	39:45	Malmo 2026	Emma	4	Opponent Save	2.5	Player 4	
Turkey	Shot Opponent	39:41	39:46	40:00	Malmo 2026	Player 2	4	Canada Save	3.5	Meghan	
Turkey	Shot Canada	39:55	40:00	40:08	Malmo 2026	Amy	3	Opponent Save	1.5	Player 10	
Turkey	Shot Opponent	40:03	40:08	40:15	Malmo 2026	Player 10	1	Canada Save	4	Emma	
Turkey	Shot Canada	40:10	40:15	40:23	Malmo 2026	Emma	4	Opponent Save	1	Player 10	
Turkey	Shot Opponent	40:18	40:23	40:28	Malmo 2026	Player 10	1	Canada Ball Control Save	5	Emma	
Turkey	Shot Canada	40:24	40:29	40:38	Malmo 2026	Emma	5	Opponent Save	2	Player 4	
Turkey	Shot Opponent	40:33	40:38	40:51	Malmo 2026	Player 2	2	Canada Ball Control Save	2	Amy	
Turkey	Shot Canada	40:47	40:52	40:57	Malmo 2026	Meghan	3	Opponent Save	5	Player 2	
Turkey	Shot Opponent	40:53	40:58	41:05	Malmo 2026	Player 2	5	Canada Ball Control Save	2	Meghan	
Turkey	Shot Canada	41:00	41:05	41:14	Malmo 2026	Amy	2	Opponent Save	1.5	Player 10	
Turkey	Shot Opponent	41:10	41:15	41:22	Malmo 2026	Player 10	2	Canada Save	2	Amy	
Turkey	Shot Canada	41:18	41:23	41:30	Malmo 2026	Amy	1	Opponent Save	4	Player 4	
Turkey	Shot Opponent	41:26	41:31	41:38	Malmo 2026	Player 2	5	Canada Ball Control Save	3	Meghan	
Turkey	Shot Canada	41:33	41:38	41:44	Malmo 2026	Emma	4	Opponent Save	3	Player 4	
Turkey	Shot Opponent	41:40	41:45	41:53	Malmo 2026	Player 10	2	Canada Ball Control Save	4	Emma	
Turkey	Shot Canada	42:41	42:46	42:55	Malmo 2026	Amy	1	Opponent Save	3	Player 4	
Turkey	Shot Opponent	42:52	42:57	43:04	Malmo 2026	Player 2	4	Canada Ball Control Save	2	Amy	
Turkey	Shot Canada	43:00	43:05	43:12	Malmo 2026	Amy	1	Opponent Save	2.5	Player 4	
Turkey	Shot Opponent	43:08	43:13	43:21	Malmo 2026	Player 10	1	Canada Ball Control Save	5	Emma	
Turkey	Shot Canada	43:17	43:22	43:31	Malmo 2026	Emma	5	Opponent Save	1.5	Player 10	
Turkey	Shot Opponent	43:26	43:31	43:39	Malmo 2026	Player 2	2	Canada Ball Control Save	3.5	Meghan	
Turkey	Shot Canada	43:35	43:40	43:48	Malmo 2026	Meghan	3	Opponent Save	2	Player 10	
Turkey	Shot Opponent	43:44	43:49	43:56	Malmo 2026	Player 10	3	Opponent Out	0		
Turkey	Shot Canada	43:51	43:56	44:10	Malmo 2026	Emma	2	Goal Canada	1	Player 10	
Turkey	Shot Opponent	44:14	44:19	44:34	Malmo 2026	Player 2	5	Goal Opponent	4	Emma	
Turkey	Shot Canada	44:39	44:44	44:52	Malmo 2026	Emma	5	Opponent Save	2	Player 10	
Turkey	Shot Opponent	44:50	44:55	45:00	Malmo 2026	Player 10	2	Canada Save	4	Emma	
Turkey	Shot Canada	44:54	44:59	45:05	Malmo 2026	Meghan	3	Opponent Save	2.5	Player 4	
Turkey	Shot Opponent	45:00	45:05	45:11	Malmo 2026	Player 2	3	Canada Ball Control Save	3	Meghan	
Turkey	Shot Canada	45:07	45:12	45:18	Malmo 2026	Emma	4	Opponent Save	1.5	Player 10	
Turkey	Shot Opponent	45:14	45:19	45:30	Malmo 2026	Player 10	2	Canada Save	1.5	Amy	
Turkey	Shot Canada	45:26	45:31	45:43	Malmo 2026	Meghan	1	Opponent Save	4	Player 2	
Turkey	Shot Opponent	45:38	45:43	45:49	Malmo 2026	Player 2	5	Opponent Out	6		
Turkey	Shot Canada	45:46	45:51	46:06	Malmo 2026	Emma	4	Opponent Save	2	Player 4	
Turkey	Shot Opponent	46:02	46:07	46:19	Malmo 2026	Player 10	1	Canada Ball Control Save	4.5	Emma	
Turkey	Shot Canada	46:15	46:20	46:26	Malmo 2026	Emma	5	Opponent Save	1	Player 10	
Turkey	Shot Opponent	46:24	46:29	46:38	Malmo 2026	Player 2	1	Canada Ball Control Save	2	Meghan	
Turkey	Shot Canada	46:34	46:39	46:48	Malmo 2026	Meghan	3	Opponent Save	1.5	Player 10	
Turkey	Shot Opponent	46:43	46:48	46:56	Malmo 2026	Player 10	1	Canada Save	4.5	Emma	
Turkey	Shot Canada	46:57	47:02	47:10	Malmo 2026	Emma	4	Opponent Save	3	Player 4	
Turkey	Shot Opponent	47:06	47:11	47:17	Malmo 2026	Player 2	4	Canada Ball Control Save	2.5	Meghan	
Turkey	Shot Canada	47:13	47:18	47:25	Malmo 2026	Emma	3	Canada Out	0		
Turkey	Shot Opponent	48:14	48:19	48:32	Malmo 2026	Player 10	3	Canada Save	2.5	Meghan	
Turkey	Shot Canada	48:27	48:32	48:40	Malmo 2026	Emma	2	Opponent Save	3.5	Player 4	
Turkey	Shot Opponent	48:35	48:40	48:45	Malmo 2026	Player 2	3	Canada Ball Control Save	3	Meghan	
Turkey	Shot Canada	48:41	48:46	48:52	Malmo 2026	Emma	4	Canada Out	0		
Turkey	Shot Opponent	48:50	48:55	49:07	Malmo 2026	Player 10	1	Canada Save	4	Emma	
Turkey	T-END	50:35	50:35	50:35	Malmo 2026						
